content,date,isView,score,support,user,userlink
" 那些说抄袭的是不是脑子有病？黑之前也不关注下新闻？不知道电影对小说改编非常大？还是不知道这是部喜剧片？抄袭《致命魔术》？抄袭《魔术师》？抄你妹！装X装看过的黑子都死全家！
        ",2012-01-11 21:06:05,看过,力荐,444,逆光海豚,https://www.douban.com/people/Ring-Ha/
" 我会选青云......
        ",2012-01-08 23:22:50,看过,力荐,327,迈子,https://www.douban.com/people/landy888/
" 坑爹了，之前完全不知道是个喜剧，结果被欢乐得笑到扑街啊。最难得的是还有大爱的喜剧默片feel和邵氏feel。
        ",2012-01-06 17:52:52,看过,推荐,280,荔枝超人,https://www.douban.com/people/richer725/
" 以为梁朝伟、周迅、吴彦祖不会拍烂片的。。可是TMD有闫妮！！！！没看我以为是致命魔术风格的，开头以为是风声，中间以为是被嫌弃的松子的戏谑，结尾以为是香水的群P。。结果各种拼凑起来不伦不类，毁了梁朝伟等豪华阵容，好笑不够，爱情不明不白，剧情就是放屁
        ",2012-01-12 17:22:42,看过,很差,276,啊伦你好,https://www.douban.com/people/alunnihao/
" 果断给一星，这事不能怪尔冬升，原书作者张海帆这个SB才是不要脸的抄袭者！
        ",2011-12-23 12:30:55,看过,很差,231,striky,https://www.douban.com/people/4715358/
" 变戏法的、玩杂耍的、拉洋片的，再来两个数来宝的，分明是一出天桥乐嘛！本片又回复到老港片那种没心没肺的创作阶段，不考虑逻辑，怎么开心怎么来。仔细回味情节可能不严密，人物转变可能略突兀，却丝毫不影响观感。非常适合放松的娱乐片，美术、配乐等也都很有特色。甚至觉得可以玩得更疯一些，三星半
        ",2012-01-12 12:37:08,看过,推荐,214,桃桃淘电影,https://www.douban.com/people/qijiuzhiyue/
" 骨子其实很老派，还是喜剧，各种花活儿玩的很热闹，没想到观影竟能如此开心，魔术背后的重点是爱情，喜剧的背后重点是情怀，还以为会像诺兰的【致命魔术】呢。电影在美术和配乐尤为精彩，在人物和剧情逻辑上有老式港片的那股癫狂气息，懒得深究了，无伤大雅，缺点也算是优良传统，也算致敬吧。★★★★
        ",2012-01-12 16:45:14,看过,推荐,164,亵渎电影,https://www.douban.com/people/zhangzongqian/
" 戏谑的故事，精巧的对白，犹如《让子弹飞》的杂耍节奏，喜感并不低智，充分体现了“电影是娱乐”的功能注脚。
        ",2012-01-06 22:22:47,看过,推荐,125,向阳花,https://www.douban.com/people/sunflower0204/
" 如果说《龙门飞甲》重回了邵氏胡金铨时代，那么《大魔术师》中鼠来宝、搭棚绝活等“民间艺术”及大军阀的姨太们、跳棋桌这些元素则彻底复辟了李翰祥杂烩喜剧。声色犬马曲苑杂谈，妙语解颐话中有话，调侃影坛真假莫辨，情节零散毫不破碎。
        ",2012-01-12 03:19:31,看过,还行,112,大奇特(Grinch),https://www.douban.com/people/grinch/
" 脑残二逼电影终于不再是贺岁电影代名词啦。一直满以为会是黑暗剧情，没想到一路诙谐喜剧到底，影院也是笑声不断，还不免让人回想起邵式。太多电影的影子，我想在这样的档期观看，一定能换回一个好心情。 ★★★☆
                
                ",2012-01-12 02:46:13,看过,还行,106,Q。,https://www.douban.com/people/airan712/
" 新世纪华语电影站着把钱挣了第二部，真正反类型，12年贺岁不二之选！相比之下张国师和徐侠客都弱爆了。
        ",2012-01-08 23:33:23,看过,推荐,92,猫助,https://www.douban.com/people/Lolimio/
" 居然7.9我艹  有没有负分可以评....
        ",2012-01-12 23:13:31,看过,很差,113,B°,https://www.douban.com/people/samsarabai/
" 真正的贺岁片，全场笑翻了，惊喜多多，至少得看个两三遍！适合阖家观赏~
        ",2012-01-09 12:08:13,看过,力荐,97,nice,https://www.douban.com/people/beijingsijia/
" 2012看的第一部电影，格局小巧精致，包袱抖的充分量又足，可见剧本扎实。节奏紧凑(开头稍显拖沓)，恶搞无厘头却不招人烦。几个段子暗讽之心明显，不过也可能是观众意淫之意作祟。我承认我压力大，但是也要难得有部好喜剧让人发泄。。。。。给五星有感情分哟！！！！！！
        ",2012-01-10 23:29:12,看过,力荐,84,子时,https://www.douban.com/people/zishi/
" 在梁朝伟吸入七圣法之前，我一直觉得这片在太行云流水惊喜震撼了，可随后就跟换了个导演一样开始扯淡，到最后仿佛故事都凑不完整瞬间阳痿，人性揣摩半途而废，伏笔主线深入浅出，喜感铺成无疾而终，大好的题材和脚本却让人失望至极。
        ",2012-01-13 00:02:35,看过,较差,70,iokanaan,https://www.douban.com/people/ihuge/
" 作为贺岁片，值得一看，笑的我不行。
        ",2012-01-09 13:57:47,看过,推荐,62,花样,https://www.douban.com/people/adaxia/
" 借古彩戏法的壳，向电影致敬，形神皆妙。三个戏精飙戏，张力十足，欢笑满堂。节奏拿捏神马的都好，就是最后的高潮部分稍微平了一点~可以给四星半~
        ",2012-01-11 14:47:15,看过,力荐,54,午休在别处,https://www.douban.com/people/ciacia/
" 超级大烂片，雨天早起跑出来看真不值得。
                
                ",2012-01-13 15:47:15,看过,很差,41,一颗核桃,https://www.douban.com/people/urmyeyes/
" 《大魔术师》是部好电影，轻松幽默有情怀，只是我第二爱的梁朝伟越来越老了，而且还越老越像今年要卸任的某人了…… 

        ",2012-01-12 19:19:46,看过,推荐,10,丁小云,https://www.douban.com/people/tiamat/
" 事实证明，即便“两王一后”，也未必能让观众雄起
        ",2012-01-12 17:37:22,看过,较差,19,燕子坞主人,https://www.douban.com/people/yanziwuzhuren/
" 据说剧情不是抄袭《魔术师》，但预告片里亲眼所见也未必为真这句好耳熟啊(￣▽￣"")|豆瓣的条目资料里没署名的编剧辛苦了，要把小说原著改编到对得起现在的演员阵容的程度的过程想必很辛苦。
        ",2011-11-12 17:58:15,想看,无评分,0,瞬间收藏家,https://www.douban.com/people/rex2xt/
" ftp://dyjxf.com:3i8i.net@ftp.3i8i.net:495/[114电影网下载站www.3i8i.com]大魔术师720P.rmvb
        ",2011-01-06 16:32:49,想看,无评分,0,晓晓一,https://www.douban.com/people/shaoyi/
" 故事设定还挺带感的，但是有闫妮总感觉会歪楼，这个天生的谐星
                
                ",2011-12-03 01:30:58,想看,无评分,0,皮皮一号,https://www.douban.com/people/luoyingzhiying/
" 我就说这是喜剧么
        ",2012-01-12 18:24:17,想看,无评分,0,Misshesitate,https://www.douban.com/people/rungirlrun/
" 梁朝伟终于要出新片了，还有刘青云，尔冬升操刀，绝对期待啊
        ",2011-05-10 01:05:26,想看,无评分,0,© 自由过客,https://www.douban.com/people/4164528/
" 刘梁对。
        ",2011-12-30 16:13:07,想看,无评分,0,吉姆,https://www.douban.com/people/jymjymjymjymjym/
" http://www.bttiantang.com/subject/6200.html
        ",2014-01-17 11:37:08,想看,无评分,0,王佳宁,https://www.douban.com/people/wangjianing/
" 一般海报很牛的国产大牌影片，都是一笔屎。
        ",2011-05-26 16:41:55,想看,无评分,0,[已注销],https://www.douban.com/people/seanhay/
" 海报挺美
        ",2012-03-13 23:41:54,想看,无评分,0,诗人喜乐,https://www.douban.com/people/Schiller/
" 首先  绝对不要让我们看到致命魔术的一点点影子在里面  创造真的功夫才令人期待  所谓魔术  就是要不断的创新。。
        ",2011-12-12 03:54:57,想看,无评分,0,脚踏镰刀锤子,https://www.douban.com/people/50723349/
" 有机会
        ",2013-10-26 15:45:03,想看,无评分,0,CTfromUFO,https://www.douban.com/people/65013886/
" 翻拍么
        ",2011-10-17 17:25:12,想看,无评分,0,隐二,https://www.douban.com/people/chinb/
" 冲这卡司，怎么都得看。
        ",2011-12-30 22:17:46,想看,无评分,0,chillybuster,https://www.douban.com/people/48892053/
" 嗯期待呢！
        ",2012-01-09 11:36:40,想看,无评分,0,Princess-d,https://www.douban.com/people/ytsummer/
" 快上映哦，梁朝伟和周迅，太琉璃的组合了。
        ",2011-04-23 13:51:56,想看,无评分,0,怪士,https://www.douban.com/people/birdman100507/
" 放假啦，贺岁片就看这部！
        ",2012-01-20 20:17:52,想看,无评分,0,、朙明快点码字,https://www.douban.com/people/jaimie/
" 周迅就应该演这样牛逼哄哄的片子！！！尔冬升我对你不放心啊！！！
        ",2011-04-22 14:16:46,想看,无评分,0,15,https://www.douban.com/people/1754190/
" 尔东升从来如此，前戏十足，高潮欠奉，跌破眼镜。模仿姜文与库斯图里卡，很鬼马，如果片子减去后十五分钟，会留足一个关于大师的想象。尔东升应称为四分之三导演。打分七十五。尹珊珊
        ",2013-10-19 13:22:13,想看,无评分,0,时间的玫瑰,https://www.douban.com/people/2006114/
" 周迅
        ",2018-01-18 15:54:20,想看,无评分,0,同公子,https://www.douban.com/people/37956992/
" 我是脑残粉！我就是想看！！！！！！
        ",2012-01-23 18:07:37,想看,无评分,0,丁扁扁,https://www.douban.com/people/guluyuan/
" 抄袭不要脸，偏总有人犯。干脆直接承认改编了《魔术师》不就结了，美国翻拍午夜凶铃也没好意思说自己是原创恐怖故事吧
        ",2012-01-02 02:12:02,看过,很差,41,牙晓,https://www.douban.com/people/2215977/
" 今天去影院看了，根本就是巨烂巨屎的片子，实在是看不下去豆瓣上这些骗人的评论，必须出来说说。说抄袭《致命魔术》的人是不是脑子有泡啊，请问这哪里抄袭了啊，要真是抄袭了还好了。提醒各位蠢蠢欲动想去观影的朋友们，如果你想见识一下究竟烂到什么程度可以去看看。基本上我在玩手机，我朋友睡着了。
        ",2012-01-13 19:22:06,看过,很差,48,小染,https://www.douban.com/people/14684859/
" 能把如此一副好牌打臭真是令人崩溃。
        ",2012-01-13 00:35:09,看过,很差,62,豪饮鸿毛药酒,https://www.douban.com/people/yzr8979/
" 这星期12号去看首映 今日已看 真心觉得不错
                
                ",2012-03-09 01:02:08,看过,推荐,15,Scream_。,https://www.douban.com/people/54092420/
" 没想到，我的梦全部成真！！！
        ",2012-01-09 17:31:57,看过,推荐,8,[已注销],https://www.douban.com/people/princekooang526/
" 山寨
        ",2011-12-30 23:55:25,看过,很差,18,火星移民指南,https://www.douban.com/people/hopen1934/
" 坑爹的豆瓣，现在有多少票刷子啊。这片能7.9分？看完之后无语的很。（这是我们关系最好的一段时期，我不喜欢这部电影，你却很喜欢。我们相互搂着、依偎着，我满心计划着不久将来的一天将你娶回家当我的妻子。）
        ",2012-01-13 09:39:33,看过,较差,34,[已注销],https://www.douban.com/people/cheneyliang/
" 烂片一部，消遣打发时间都不够格
                
                ",2012-01-13 00:40:13,看过,很差,34,娄知县,https://www.douban.com/people/wangzhenzhe/
" 不剧情，不喜剧，不动作，不爱情，不奇幻。浪费2个小时+30块钱，看了一部没有主题的电影，1颗星给梁朝伟，1颗星给明星们
        ",2012-01-13 19:53:13,看过,较差,39,星小兔,https://www.douban.com/people/wanwantu/
" 虽然很多人喜欢这部喜剧，但我的观后感还是：彪悍的烂片不需要解释。
        ",2012-01-13 01:07:07,看过,较差,31,扛着朗文走天涯,https://www.douban.com/people/cathy_xixi/
" 整个不知道导演后面一个小时在做什么，本年度看过最差片子，没有之一。
        ",2012-01-14 01:26:19,看过,很差,31,裙下之臣,https://www.douban.com/people/55025807/
" 百年未曾一见之烂电影居然还有那么多人评四星麻吉带？！
        ",2012-01-13 01:27:48,看过,很差,29,米饭,https://www.douban.com/people/hikirres/
" 在此不剧透~但别看豆瓣的剧情简介，有点坑爹。
        ",2012-01-06 09:59:07,看过,推荐,9,lava,https://www.douban.com/people/4592855/
" 《大魔术师》绝对是我近几年在影院看到的最好国产喜剧了！画面绚烂好看，台词诙谐幽默又处处充满暗喻，包袱抖得漂亮还不老套，满场观众几次都禁不住鼓掌叫好。电影里还有好多意外的彩蛋，比如客串的某大帅哥和某老怪，以及暗含的致敬，像东成西就、哆啦A梦，甚至是张大国师…总之这片子太适合贺岁了。
        ",2012-01-09 16:45:56,看过,推荐,17,水草素,https://www.douban.com/people/1385030/
" 垃圾剧本，垃圾台词，国产全明星阵容垃圾片
                
                ",2012-01-14 20:41:25,看过,很差,14,燕小抗,https://www.douban.com/people/henshss/
" 差到我中途要睡着了。那么多好演员搞出了个这样的东西。实在是不理解，也看不懂。唯一给一星的片子啊，主要是期待太高。所以真相摔的惨点。
        ",2012-01-13 11:59:11,看过,很差,24,gomorrah,https://www.douban.com/people/4511282/
" 乱七八糟 不知所云
                
                ",2012-01-14 01:19:34,看过,很差,21,goldlya,https://www.douban.com/people/33572918/
" 一看到是博纳出品的片子，就感觉于东又派一堆水军来了，这分数就不可信了。。。。
        ",2012-01-12 11:14:28,看过,很差,31,"""沉淀",https://www.douban.com/people/haofany/
" 真心没中我笑点。。。云儿你就跟迅儿在一把。。。
                
                ",2012-01-14 01:36:18,看过,较差,8,高田,https://www.douban.com/people/TAKADA/
" 豆瓣影评基本前三天的都不要信，托太多，过上两周或者一周半，自有分晓。完毕！ps，剩到后面有点春晚大家乐的乱哄哄的场面时，我起身撤了！最后结局是啥？也没什么兴趣了~
        ",2012-01-13 22:56:53,看过,较差,32,pureshoes,https://www.douban.com/people/pureshoes/
" 有一种爱来自想象，你最后得到的与你处想象的，也许并不是同一样东西；另一种爱来自渴望，越是你想要的，最后越是无法得到。——《大魔术师》
        ",2012-08-03 07:58:13,想看,无评分,0,邵略略,https://www.douban.com/people/47206801/
" 想看的原因因为迅哥
        ",2012-03-31 10:11:21,想看,无评分,0,活活,https://www.douban.com/people/liangjinmeizi/
" 我想和你一起看电影
        ",2011-12-26 15:47:53,想看,无评分,0,老蘑菇,https://www.douban.com/people/42648272/
" 梁朝伟
                
                ",2012-02-01 12:10:25,想看,无评分,0,胡椒,https://www.douban.com/people/Strangeline/
" 最近唯一想看的
        ",2012-01-13 20:00:45,想看,无评分,0,木瑶,https://www.douban.com/people/muyao0823/
" 回学校去下载好了。。
        ",2012-02-01 23:39:28,想看,无评分,0,Vanetta,https://www.douban.com/people/asglass/
" 今天上映呢
        ",2012-01-12 12:31:05,想看,无评分,0,想姑娘,https://www.douban.com/people/xiangguniang/
" 我也想看贺岁片…往年这个时候都会去电影院看电影吧…
        ",2012-01-25 10:43:47,想看,无评分,0,ekiz,https://www.douban.com/people/ekiz/
" ...- -有一种要悲剧的预感
        ",2011-11-08 03:10:07,想看,无评分,0,Bingo,https://www.douban.com/people/bingoh2o/
" m

        ",2012-10-22 15:12:02,想看,无评分,0,rose☆彡,https://www.douban.com/people/51477715/
" 想看是为了看民国
        ",2012-01-12 14:30:18,想看,无评分,0,丫力彡亣,https://www.douban.com/people/alex_chen_alex/
" ！！！！！
        ",2012-01-12 19:00:31,想看,无评分,0,布鲁布鲁酱,https://www.douban.com/people/summercorn/
" 带妈妈去电影院看
        ",2012-01-17 16:06:01,想看,无评分,0,小米蕉,https://www.douban.com/people/4378519/
" prestige? 
        ",2012-01-09 21:40:07,想看,无评分,0,不舍昼夜,https://www.douban.com/people/SunLand/
" 朝伟。。。
        ",2011-08-03 23:58:12,想看,无评分,0,青青山主,https://www.douban.com/people/qingshe/
" 很期待 伟仔的精彩表演 
        ",2012-02-22 17:33:06,想看,无评分,0,The sail,https://www.douban.com/people/45329533/
" 期待梁朝伟的喜剧
        ",2012-01-07 22:06:45,想看,无评分,0,龙栽浆糊,https://www.douban.com/people/mydouban/
" 剧情设定好像<魔术师>……但愿比那个有趣些。
        ",2011-05-10 02:23:37,想看,无评分,0,♫欧德伯裔,https://www.douban.com/people/pkmonk/
" 微妙了。剧情很像爱德华·诺顿的《魔术师》，那部贼难看喂……
        ",2011-05-17 08:17:22,想看,无评分,0,青山遮不住,https://www.douban.com/people/gorgon0463/
" 迅哥
        ",2012-01-14 12:58:33,想看,无评分,0,NN,https://www.douban.com/people/48778923/
" 烂片不断。影帝影后都撑不住场，不精雕细琢变成彻头彻尾的烂剧本。某老板娘已经沦落为标标准准的面具演员，为了这烂片饿了两小时，真想揍人！！！

        ",2012-01-13 17:24:42,看过,较差,13,阿刺少爷™,https://www.douban.com/people/Coolnicsky/
" 还以为是王晶骗钱的烂片呢。
        ",2012-01-14 08:31:02,看过,较差,23,CP Wong™,https://www.douban.com/people/cpwong/
" 百年一遇的众明星演成尿点如此多的片儿
        ",2012-01-13 01:59:40,看过,很差,22,弗朗西斯冯,https://www.douban.com/people/Ms.Curiosity/
" “一个整天在你面前拼命装傻卖乖的人会是坏人吗？”听得我眼泪汪汪啊~搞笑之处可见尔冬升编剧的无厘头旧作《猫头鹰》的影子，看着真亲切。刘青云和梁朝伟在这部里太可爱了，老怪和吴彦祖客串的也可爱。幸好没搞成阴谋论黑暗片，欢欢乐乐才像贺岁档。尔冬升目的达到了，周迅确实花瓶儿了没有闫妮出彩。
        ",2012-01-12 16:47:27,看过,推荐,19,Hey Johnny,https://www.douban.com/people/canny-leon/
" 不论严肃还是不严肃地看待，都蹩脚到无以复加。
        ",2012-01-28 13:43:53,看过,较差,11,艾小柯,https://www.douban.com/people/aixiaoke/
" 请给我好一点的梁朝伟……
        ",2012-01-12 17:28:35,看过,较差,26,就叫我陳先生,https://www.douban.com/people/iamcd/
" 真棒的贺岁片，春节看倍儿来劲，值得看三遍以上。
        ",2012-01-22 11:56:19,看过,力荐,0,NEVERI,https://www.douban.com/people/neveri/
" 趣致十足。这种纯港片式的喜剧效果，在小宝那里，似乎唯有他编剧的[猫头鹰]可并论。这次他好像放下以往作品中全部的抑郁阴霾，尽心尽力上演一场盛大的狂欢。但在电影对导演梦的戏仿中，在青云拔枪对导演吼着“我是投资人”时，仍可见夫子自道。“傻仔”青云和伟仔的对手戏很劲，老怪客串虎克军阀
        ",2012-01-09 09:44:01,看过,推荐,29,泉の向日葵,https://www.douban.com/people/boliwawa/
" 侮辱智商的剧本，台词也不如前一段时间几部电影，不明白为什么会这么高分。
        ",2012-01-13 15:48:13,看过,较差,10,风泉,https://www.douban.com/people/fengquan/
" 视觉做的像demo，配乐借鉴了不少哈利波特，台词写的像年度报表，剧本后半段编成散沙，梁朝伟还能靠这张老脸混几年，周迅先等肉毒消了再出来演戏，徐克拍龙门飞甲的钱估计都是靠这部电影的片酬赚来的。要想做成夸张怪诞舞台剧式的巨作就请尔冬升别只想着圈钱。
        ",2012-01-15 03:25:09,看过,很差,10,MOJO,https://www.douban.com/people/hellomojo/
" 完全和评论不符，大失所望。烂片一个。
        ",2012-01-14 20:41:08,看过,较差,11,朱小蒂,https://www.douban.com/people/insidejudy/
" 我靠，这是什么鸟东西啊，要不是梁朝伟和刘青云还是比较给力，这完全就是一种精神迫害！
        ",2012-01-13 03:03:12,看过,很差,24,Danke Polansk!,https://www.douban.com/people/Q1940/
" 贺岁片终于不等于脑残片了。
        ",2012-01-09 12:42:20,看过,还行,7,流浪の小圆头,https://www.douban.com/people/aaaaaaaaaaa/
" 有点荒诞，但是整体还不错
        ",2012-09-04 21:26:34,看过,推荐,0,「ˇ辰辰」,https://www.douban.com/people/4438062/
" 都说《大魔术师》是《东成西就》灵魂附体，我看是各种混搭、油漆未干。。。
        ",2012-01-15 11:04:35,看过,还行,20,老晃,https://www.douban.com/people/1019579/
" 本以为会是《致命魔术》之类的剧情片，看完发现这货不就是《东成西就》嘛！周迅一本正经的提问：“你妈和我同时掉进河里，你会救谁？”，真是戳死我笑点了。值得一提的还有类似《色情男女》《青春梦工厂》在电影里拍电影的段落，又励志又嘲讽。死不正经却异常拉风的港产贺岁，2012第一惊喜。
        ",2012-01-09 10:54:42,看过,推荐,270,影志,https://www.douban.com/people/tjz230/
" 这是一部看完心情会很好的电影 非常适合节后的档期 可以看到很多片子的影子 看到 梁朝伟 真的老了 周迅也不年轻了 都是满脸的故事 眼角折子了 刘青云还是演的那么的好 ~不过能把杂技魔术融合在那个奇异的年代里还是很精彩的 画面还能有格调 戏剧感十足 ！
        ",2012-01-11 23:47:09,看过,力荐,20,宝石,https://www.douban.com/people/29483717/
" 什么东西
        ",2012-01-15 21:56:17,看过,较差,8,big ocean,https://www.douban.com/people/viviennehan/
" 哈哈哈哈！夠歡樂！
        ",2012-09-04 23:11:18,看过,力荐,0,南拉,https://www.douban.com/people/1887298/
" 脑残粉无节操五星。。。
        ",2012-01-09 08:55:26,看过,力荐,4,无影,https://www.douban.com/people/wingxin1/
" 不知道怎么样的片子……等没事儿了拉上婧去看看去！
        ",2012-01-15 01:03:07,想看,无评分,0,Eileen不是依恋,https://www.douban.com/people/smileeileen/
" m
        ",2011-02-20 00:55:33,想看,无评分,0,spancer,https://www.douban.com/people/SpancerM/
" 下周要是还没下就看这个吧。
        ",2012-02-04 18:40:05,想看,无评分,0,孤飞,https://www.douban.com/people/dianawh/
" 这么一堆人啊，徐克都成主演了，姑且看看吧，剧照里梁朝伟看着还是很帅的，梁朝伟，刘青云，吴彦祖，都可以演窃听风云3了。
        ",2012-01-12 23:02:32,想看,无评分,0,既见君子,https://www.douban.com/people/1078154/
" 喜而不烂，我想看。
        ",2012-01-12 09:55:19,想看,无评分,0,post-hyphen,https://www.douban.com/people/hyphen/
" 我想看！对我来说这部电影就是梁朝伟，梁朝伟，梁朝伟，和梁朝伟！
        ",2012-01-12 17:01:25,想看,无评分,0,bookasiyi,https://www.douban.com/people/2158166/
" 额……上映日期都到年底了。
        ",2011-05-10 12:29:27,想看,无评分,0,爱折腾的大懒鱼,https://www.douban.com/people/happyliuliu/
" 额，梁朝伟搭周迅，怎么觉得怪怪的……
        ",2011-07-21 11:13:35,想看,无评分,0,黑色的国王,https://www.douban.com/people/RoyBlack/
" 主题曲很有趣
        ",2011-12-07 01:51:08,想看,无评分,0,坐地铁的流浪猫,https://www.douban.com/people/4189732/
" 如果回家带老妈去看电影，腐尔摩斯2可能会是我一个人在旁边独乐乐的状态，看这一部也许是适合阖家观赏的......
        ",2012-01-12 12:50:17,想看,无评分,0,阿尔法虎,https://www.douban.com/people/1183033/
" 对 我想看。。。
        ",2012-01-06 11:32:49,想看,无评分,0,欠喵捂肚子,https://www.douban.com/people/41221575/
" 尔冬升的电影无论如何都值得期待
        ",2012-01-12 12:07:41,想看,无评分,0,Piemeng™,https://www.douban.com/people/piemeng/
" 谁愿意陪我一起看？
        ",2012-01-12 17:04:01,想看,无评分,0,Noah_he,https://www.douban.com/people/47515047/
" 笑点有点儿低，不大待见这部电影。
        ",2012-02-03 17:54:45,想看,无评分,0,小梳,https://www.douban.com/people/jiheqingjia/
" ""...为了博得七姨太柳荫（周迅）的欢心，他带柳荫去看张贤表演。...""
        ",2012-01-22 11:12:20,想看,无评分,0,柒姨太.,https://www.douban.com/people/qiyitai/
" 這個電影島國有上映。當地影評說：啊，電影院裡的中國人都在笑啊！可是我怎麼沒看出笑點在哪裡？是翻譯太坑爹了嗎？
        ",2012-01-16 00:47:17,想看,无评分,0,陸佳佳奶糖,https://www.douban.com/people/parthia/
" 看过没印象了⋯⋯
        ",2012-10-07 14:11:43,想看,无评分,0,桃李帮帮主,https://www.douban.com/people/61913160/
" 因为有朝伟！！！
        ",2012-01-13 22:32:17,想看,无评分,0,u a  io,https://www.douban.com/people/done13/
" 老夜的小说写得非常精彩！！10年谋划，一朝取胜！！此种角色非梁朝伟莫属，不过老尔啊老尔啊，柳荫那么绝代的角色，怎么能让周迅这个“公鸭嗓子”而破坏啊！！！唉。。。

事实证明，电影拍得很垃圾！！！！！！！！！！！！！！
        ",2011-09-21 14:10:28,想看,无评分,0,阡陌,https://www.douban.com/people/4823170/
" 难得有个想看的国片
        ",2011-10-18 12:58:53,想看,无评分,0,小熊,https://www.douban.com/people/xiongbear01/
" 结局有点点意外就是了
        ",2012-09-05 00:20:02,看过,还行,0,bumblebee,https://www.douban.com/people/christtine/
" 看两个男人卖萌，是任何女人都招架不住的。。。
        ",2012-01-11 09:49:16,看过,推荐,7,看天吃饭,https://www.douban.com/people/4147903/
" 看睡着了，除了闫妮，其他几位演员感觉是没钱花了才拍的，挖鼻屎！
        ",2012-01-13 15:18:10,看过,较差,8,派吹克,https://www.douban.com/people/patrickhsu/
" 不如周柏飞！
        ",2012-09-04 17:39:37,看过,无评分,0,[已注销],https://www.douban.com/people/26507424/
" 三个闷骚2了吧唧的吐槽卖萌  酱油带来的惊喜不断 稀里糊涂又混乱的嗨森贺岁片
        ",2012-01-12 21:10:16,看过,推荐,5,林翛然,https://www.douban.com/people/linxiaoran07/
" 所以说闫妮用好了是很出彩的
        ",2012-01-13 09:55:35,看过,无评分,5,油漆未干,https://www.douban.com/people/sandra3028/
" 给3分，还是看在梁朝伟、刘青云、周迅他们仨的份儿上。
        ",2012-01-15 07:21:03,看过,还行,13,美式加浓,https://www.douban.com/people/QiuXiao/
" 真不错，小黑色里面透露着小幽默~
        ",2012-05-23 19:10:37,看过,推荐,0,kikicc,https://www.douban.com/people/54041495/
" 挺逗的片子，大牛真的好可爱！虽然周迅的嗓音真是……其实大牛真没危机感，搓毛个澡啊，错失良机，忠心耿耿的副官死得真可惜。嘛，不过为了剧情需要……
        ",2012-05-23 23:27:30,看过,推荐,0,囧奔的熊猫,https://www.douban.com/people/57156775/
" 还可以，只是很多魔术用的特效有点假，不过有的魔术还是挺不错的~
        ",2012-05-24 12:24:13,看过,推荐,0,鬼小王子,https://www.douban.com/people/44708903/
" 到处是笑点，很有意思，陪我度过了一个欢乐的下午
        ",2012-05-24 15:45:40,看过,推荐,0,kick2000,https://www.douban.com/people/1872169/
" 搞笑的那种
        ",2012-05-23 17:20:59,看过,还行,0,山川异域,https://www.douban.com/people/zmt/
" 爱情有点像魔术。。。
        ",2012-05-24 16:32:20,看过,还行,0,廿子,https://www.douban.com/people/58772585/
" 没想到尔冬升也会有这种风格，深度意义上不算是好片子，但是一部成功的贺岁喜剧片。
        ",2012-05-24 00:41:49,看过,推荐,0,游小鹿,https://www.douban.com/people/leon_rootless/
" 你觉得的那个坏人是对别人都不好却对我装傻卖乖百依百顺的人是个坏人，你这个好人却背弃我远赴欧洲一去三年渺无音讯的是个好人是吗
        ",2012-05-24 07:53:27,看过,推荐,0,玛卡瑞纳。,https://www.douban.com/people/deargiraffe/
" 人生的关卡  我不停没冲刷
        ",2012-05-24 10:40:14,看过,无评分,0,冷,https://www.douban.com/people/60300193/
" 也就算可以看看
        ",2012-05-24 11:09:46,看过,还行,0,superliu,https://www.douban.com/people/14941088/
" 多加一颗星是周迅的……
        ",2012-05-24 15:02:04,看过,力荐,0,兔子打鼓,https://www.douban.com/people/pinkconey/
" 可以看看 ，在无聊时，打发时间。
        ",2012-05-23 20:40:27,看过,推荐,0,listen,https://www.douban.com/people/50076605/
" 虎头蛇尾的典型代表
        ",2012-05-23 20:48:24,看过,还行,0,王先生不吃糖,https://www.douban.com/people/1211903/
" 哎呀呀影帝梁总算想开了，希望真的是个欢乐的片子啊~~
        ",2012-01-13 06:03:06,想看,无评分,0,微子,https://www.douban.com/people/2681978/
" 明天去看~
        ",2012-01-16 15:20:14,想看,无评分,0,火柴鹿。,https://www.douban.com/people/yummyhere/
" 就是抄袭06年的魔术师 不管怎么新瓶装老酒 都是抄袭的故事 编剧以及原版小说作者都去死吧 就不能写点原创的东西么 换国家换年代换演员就是贺岁片了？
        ",2012-01-13 07:47:26,想看,无评分,0,刀尖舔蜜,https://www.douban.com/people/xiaoyudlut/
" 真的这么好看喵？
        ",2012-01-19 14:01:46,想看,无评分,0,[已注销],https://www.douban.com/people/Todd_tony/
" 有刘青云应该就值得期待。
        ",2012-01-16 16:10:58,想看,无评分,0,高山,https://www.douban.com/people/moshuoguoshi/
" 我就冲着梁朝伟这三个字想看的。
        ",2012-01-12 13:58:04,想看,无评分,0,上海冬天,https://www.douban.com/people/winterjane/
" 刚看完 年度最佳喜剧

        ",2011-12-21 00:34:05,想看,无评分,0,Bruce wong,https://www.douban.com/people/doubanbruce/
" 12月才上映现在搞毛宣传啊！！！
        ",2011-06-21 20:20:02,想看,无评分,0,愤袄,https://www.douban.com/people/busrang/
" 居然是喜剧，居然评价还不错！
        ",2012-01-29 00:35:46,想看,无评分,0,pkulj,https://www.douban.com/people/49232358/
" 梁朝伟+刘青云。。
        ",2012-01-27 21:53:05,想看,无评分,0,Q小懒,https://www.douban.com/people/MayGloria/
" 张海帆的青盲和大魔术师非常适合拍成好看的商业电影。青盲排成了电视剧。大魔术师给了尔东升，希望拍的好看。
        ",2011-04-24 00:27:01,想看,无评分,0,不太小的小明,https://www.douban.com/people/wofowang/
" 媲美子弹飞？
        ",2012-01-12 13:39:38,想看,无评分,0,嗯,https://www.douban.com/people/yxsb/
" 好友推荐
        ",2012-03-11 13:40:41,想看,无评分,0,童话顺,https://www.douban.com/people/2758842/
" 有这俩 能不看吗
        ",还行,想看,无评分,0,Realmars,https://www.douban.com/people/50982254/
" 据lulu说好看～
        ",2012-02-01 23:34:28,想看,无评分,0,Snow Krebs,https://www.douban.com/people/snowkrebs/
" 要看！
        ",2011-05-19 12:21:16,想看,无评分,0,Miss.沙拉,https://www.douban.com/people/GrEy4ai/
" 这海报让我感觉是吴宇森的片子呵呵
        ",2012-01-11 22:55:18,想看,无评分,0,Wensi,https://www.douban.com/people/ZHOUWENSI/
" 各种想看啊，求陪同
        ",2012-01-12 16:54:41,想看,无评分,0,韩操操,https://www.douban.com/people/xxoo250/
" 在电影院看到了预告，12号的话应该已经回家了，回家看吧。
        ",2011-12-19 15:20:51,想看,无评分,0,喜喜,https://www.douban.com/people/48593728/
" 死不正经却异常拉风的港产贺岁
        ",2012-01-20 22:40:45,想看,无评分,0,吖泪,https://www.douban.com/people/dearbao/
" 几个魔术是亮点；剧情还算可以，不过波澜不大。但无奈剧本的在段落间的承接很诡异，人物的性格更是败笔，白白浪费2个影帝和几个老戏骨。前面的爱情线也铺陈的可以的，偏偏最后还是要故意留尾巴，其实大牛对小荫的爱是真的，张大师明显无爱，所以其实根本没有“选择”的需要。
        ",2012-05-23 18:03:33,看过,还行,0,童非童,https://www.douban.com/people/Torence/
" 一如既往的喜欢刘青云，还有，梁朝伟老了。无比怀念小学看梁演的《侠客行》与《绝代双骄》。
        ",2012-05-24 10:49:52,看过,还行,0,月亮了,https://www.douban.com/people/4031381/
" 一场闹剧
        ",2012-05-23 17:41:29,看过,较差,1,Ru,https://www.douban.com/people/zhengyaru/
" 2012年第一个看完给2星的电影……无力吐槽。很夹生带搞笑的贺岁片。
        ",2012-01-13 23:08:33,看过,较差,8,灰灰,https://www.douban.com/people/shouhuxiaoxiao/
" 我喜欢刘青云
        ",2012-09-04 19:28:53,看过,还行,0,shadow,https://www.douban.com/people/hanbingxue/
" 比较失望
        ",2012-09-05 00:23:51,看过,还行,0,emilyzhen,https://www.douban.com/people/49854024/
" 刘青云不错 很欢乐
        ",2012-09-04 22:23:04,看过,还行,0,李咚呛,https://www.douban.com/people/63976087/
" 真心不知所云
        ",2012-09-04 14:00:08,看过,还行,0,乖乖滴ELEVEN,https://www.douban.com/people/2090574/
" 商业电影。前后不接。
        ",2012-09-04 07:21:28,看过,较差,0,小敏仔,https://www.douban.com/people/sanslachance/
" 夫人，哈哈
        ",2012-09-04 13:16:38,看过,无评分,0,法秀成一,https://www.douban.com/people/4599911/
" 周迅花瓶了，刘青云卖萌了，梁朝伟脸上的褶子都能夹死人了，四星全是给闫妮的。
        ",2012-01-13 09:12:40,看过,推荐,5,胖跳跳,https://www.douban.com/people/tiaoyuedepangzi/
" 烂到底的剧情+低劣的笑点，再加上在豆瓣发的一个帖子，得到的各个脑残的回复，让我无法不改成1分。。。

        ",2012-01-14 00:05:58,看过,很差,16,清风,https://www.douban.com/people/uisgewang/
" 看了好几个晚上，断断续续终于看完了。话说，难得看到这么有意思的国产电影的呢
        ",2012-06-18 12:33:02,看过,推荐,0,瞳,https://www.douban.com/people/xuanzaibobo/
" 无聊
        ",2012-01-13 11:13:48,看过,较差,8,小青,https://www.douban.com/people/Reginawxq/
" 不好玩，没劲。以后绝对不能下班点看电影，国贸的观众素质太差，极差，非常差。
        ",2012-01-13 00:11:58,看过,较差,13,[已注销],https://www.douban.com/people/yuwai/
" 插科打诨2012第一波 灵女帅叔相继走下神坛
        ",2012-01-13 22:48:31,看过,较差,9,亡招菌,https://www.douban.com/people/wangzhaojun/
" 看了半个钟，说实话，一个可以让我发笑的笑点都没有。
        ",2012-01-14 00:14:14,看过,很差,15,陈冠浓,https://www.douban.com/people/48495016/
" 豆瓣水太深，诸位大湿的好评热评真是笑死我了！
        ",2012-01-13 01:57:51,看过,较差,33,Candy_貞貞,https://www.douban.com/people/45550245/
" 好像经历了一个世纪才从梁朝伟身上再次看到东成西就里面的脸啊！港佬们无比可爱的无耻嘴脸又回来了一些，但扯的还是的确太没水准了。。。
        ",2012-01-12 23:03:39,看过,较差,5,原来是西门大嫂,https://www.douban.com/people/ivy87815/
" 哎，现在的电影怎么拍成了这样
        ",2012-06-18 15:14:24,看过,较差,0,魔鬼中的天使,https://www.douban.com/people/wanyuanyuan/
" 我相信这片儿肯定有票房，可为什么总有一丝悲凉在里面。新星演员都不培养了还是咋的，哪些演员没出来都 可以猜到会有谁....
        ",2012-02-12 16:04:30,想看,无评分,0,辰小尤,https://www.douban.com/people/momoh/
" 演员阵容很对我胃口
                
                ",2012-01-16 22:32:59,想看,无评分,0,嘿嘿嘿呦嘿嘿,https://www.douban.com/people/49059525/
" 腾讯
        ",2017-06-06 00:12:22,想看,无评分,0,有趣的小曲奇,https://www.douban.com/people/148770883/
" 想看梁朝伟.
        ",2012-01-13 10:30:27,想看,无评分,0,黑,https://www.douban.com/people/heichiyan/
" 12号上映当天考完试正好去看~然后17号到家正好可以看停了一个月的gossip girl第11集更新~我年前就这俩盼头了~我是个多么容易满足的人呐哦也~
        ",2011-12-06 16:19:23,想看,无评分,0,喵破浪,https://www.douban.com/people/redbunny/
" 口碑不错，要看，我是犹豫俺是去影院看呢还是等下呢？？
        ",2012-01-13 18:58:58,想看,无评分,0,简俗俗,https://www.douban.com/people/outafei/
" 抽空把他看掉。。。只为伟仔深邃的眼眸。。。。
        ",2012-01-26 22:07:38,想看,无评分,0,肉包子有馅,https://www.douban.com/people/lxp1234/
" 中国首部魔术题材的古装电影，很期待哦！
        ",2011-12-24 00:20:21,想看,无评分,0,海盗饭团,https://www.douban.com/people/1459704/
" 这真不是诺顿的魔术师么这真的不是么真的不是么？加个大字就偷梁换柱了？？？
        ",2011-12-27 09:23:17,想看,无评分,0,Rita,https://www.douban.com/people/rita.lee/
" 原来有吴彦祖！！
        ",2012-01-22 15:51:19,想看,无评分,0,林檎様。,https://www.douban.com/people/apple_pie/
" 据说闫妮在里面是亮点
        ",2012-03-27 00:31:08,想看,无评分,0,aner,https://www.douban.com/people/anera/
" 好久没看梁朝伟了
        ",2012-01-09 12:05:46,想看,无评分,0,Shane,https://www.douban.com/people/turnhs/
" 以前晚上睡不着听的收音机故事居然拍成电影了，可周迅是女主啊。。。严重打击我的期待。
        ",2011-05-10 11:14:45,想看,无评分,0,sky快跑,https://www.douban.com/people/Jacc/
" 喜欢看魔术题材的
        ",2011-12-26 12:58:10,想看,无评分,0,april,https://www.douban.com/people/50368934/
" 其实只看名字就知道应该有些借鉴《致命魔术》，明天去看看，验证下推测是否正确。
        ",2012-01-27 20:25:47,想看,无评分,0,Cloud,https://www.douban.com/people/roroya/
" 总觉得可能是烂片
        ",2011-12-22 16:01:09,想看,无评分,0,[已注销],https://www.douban.com/people/JinParadise/
" 实在抽不出时间去看........
        ",2012-01-17 10:31:40,想看,无评分,0,冬瓜糖,https://www.douban.com/people/lixiaobei/
" 听说原著的电影版权很多人抢。
                
                ",2012-01-14 13:25:30,想看,无评分,0,斥鴳,https://www.douban.com/people/BreatheL/
" 据说是喜剧片，感觉不是很喜欢这类电脑。
有时候感觉剧情不紧凑，有时候就是觉得无聊nc
        ",还行,想看,无评分,0,路克船长,https://www.douban.com/people/luke1993/
" 明天去看~
        ",2012-01-18 21:27:30,想看,无评分,0,昵称,https://www.douban.com/people/13185098/
" 尔冬升你是肿么了肿么了肿么了？？？
        ",2012-01-12 14:11:21,看过,较差,22,老电影沙龙,https://www.douban.com/people/Classic_Movies/
" 笑点在哪里？？？
        ",2012-01-14 00:56:53,看过,较差,5,纸扇子,https://www.douban.com/people/2127814/
" 头一次在豆瓣留言，冲着本片强大的演员阵容而去，没想到却是从三枪以来看到的最烂的电影没有之一，前面给三颗以上星的都是五毛枪手！电影思路紊乱，主题不明，人物面容模糊不清(只有闫妮的角色还行)……看到一半就想睡觉，结尾字幕一跳出来就忍不住要离席……太失望了
        ",2012-01-13 23:20:17,看过,很差,18,geminishaka,https://www.douban.com/people/51890576/
" 不该搞笑的地方都在搞笑，大明星是有啦！大魔术那没瞧见。剧情也很无聊，一堆人为了不怎么样的理由做了一堆不怎么样的事儿。
        ",2012-05-22 20:30:08,看过,很差,0,彼岸花,https://www.douban.com/people/61595250/
" 挺搞笑的
        ",2012-05-23 04:25:51,看过,推荐,0,老脸先生,https://www.douban.com/people/50697152/
" 还是不要叫梁朝伟搞笑了
        ",2012-05-22 20:27:59,看过,还行,0,你的脑残粉,https://www.douban.com/people/54862630/
" 冲着梁帅哥来的 哪知刘某更无厘头
        ",2012-05-22 22:30:12,看过,还行,0,luujingjing,https://www.douban.com/people/dorotheajing/
" 好扯淡。。。
        ",2012-05-23 14:33:29,看过,较差,0,数峰青,https://www.douban.com/people/xiaoyaoswim/
" 乱七八糟 浪费时间啊……
        ",2012-05-22 22:41:01,看过,较差,0,captain_winnie,https://www.douban.com/people/winnielady/
" 乱七八糟的线索，虎头蛇尾的故事，为了搞笑而搞笑，如果没有tony，那完全是浪费时间。
        ",2012-05-23 14:34:33,看过,较差,0,周乐乐乐,https://www.douban.com/people/1574800/
" 一般般吧，比近些年来那些无脑喜剧强不少
        ",2012-05-22 19:38:20,看过,还行,0,夜飞扬,https://www.douban.com/people/60502893/
" 看着很欢喜
        ",2012-05-22 22:02:42,看过,还行,0,啾啾啾！,https://www.douban.com/people/bluefaith_/
" 虽然有梁朝伟和刘青云撑场但还是觉得剧情很坑爹很坑爹很坑爹
        ",2012-05-23 15:21:11,看过,还行,0,寒露微霜,https://www.douban.com/people/hanluweishuang/
" 周迅演什么片子都好看！梁朝伟叔叔您都老了好吗！不过戏法用特技拍更过瘾啊！！可以看看~~~
        ",2012-05-22 23:42:27,看过,推荐,0,孙潜念,https://www.douban.com/people/tongjinghao/
" 是贺岁档的片吗？的确是贺岁档的片！从高中时间就很爱Tony的笑容，却不知为何这种笑容在纯娱乐的片中尤其不得我心，反倒是青云兄让人越发欢喜。片子可以，四星为了导演和明星阵容而打。
        ",2012-05-23 09:03:11,看过,推荐,0,Taburiss,https://www.douban.com/people/3424521/
" 没事儿的时候可以消遣一下
        ",2012-05-23 12:28:24,看过,推荐,0,不吃鱼的猫,https://www.douban.com/people/3900166/
" 喜剧……
        ",2012-05-23 14:28:53,看过,较差,0,洛光,https://www.douban.com/people/40563481/
" 商业片，鉴定完毕
        ",2012-05-23 11:20:39,看过,还行,0,雅歌格格,https://www.douban.com/people/56855426/
" 我要说的是，大魔术师不是山寨的东西，它是改编于张海帆先生的同名小说《大魔术师》而且，原著很好看。也期待电影版能带来带来新的感受。再说一句，张海帆先生的作品《五大贼王》《冒死记录》是很值得一看。
        ",2012-01-05 22:12:04,看过,推荐,6,史东,https://www.douban.com/people/53875040/
" 以魔术为题材的电影不好拍啊
        ",2012-06-18 11:42:42,看过,较差,0,ALICE,https://www.douban.com/people/KissAlice/
" 看起来不错
        ",2012-01-12 07:38:42,想看,无评分,0,OK,https://www.douban.com/people/3653593/
" 期待
        ",2012-01-13 14:43:12,想看,无评分,0,糊小华,https://www.douban.com/people/41214931/
" 所有演员除方中信都很顺眼~ 果断看~
        ",2012-01-09 17:32:53,想看,无评分,0,卫大宝与迪小宝,https://www.douban.com/people/once_love/
" 偉仔與舅舅+精靈迅 很值得期待
        ",2011-04-22 16:21:36,想看,无评分,0,路筱语,https://www.douban.com/people/46606824/
" 几时上映啊啊啊啊啊啊啊啊 啊
        ",2011-11-04 12:05:26,想看,无评分,0,MR.A,https://www.douban.com/people/tidus/
" 怎么看剧情这么像爱德华诺顿的《魔术师》啊。。。是翻拍？
        ",2012-02-11 00:51:50,想看,无评分,0,&xuaner,https://www.douban.com/people/lemon_lemon/
" 光看阵容 我就心动了！！！！
        ",2011-12-08 12:28:48,想看,无评分,0,三言,https://www.douban.com/people/samyan/
" 12年开始
        ",2018-03-19 10:30:37,想看,无评分,0,健哥哥🔫,https://www.douban.com/people/154526612/
" 电影院的干活思密达！！！
        ",2012-01-12 08:54:49,想看,无评分,0,Mr.左耳,https://www.douban.com/people/pandaball/
" 大导演的要看
        ",2012-01-14 20:52:33,想看,无评分,0,[已注销],https://www.douban.com/people/lijingjing1988/
" 很期待 演员和导演都不让我讨厌   魔术题材 希望能给我惊喜 
        ",2011-12-13 02:35:27,想看,无评分,0,幽州蚍蜉,https://www.douban.com/people/56960122/
" 让我想起林青霞版《刀马旦》黄秋生版《怪侠一枝梅》
        ",2011-12-30 13:49:28,想看,无评分,0,阿米尼,https://www.douban.com/people/2657650/
" 为什么我看见了东成西就和让子弹飞的影子...
        ",2012-01-11 23:31:04,想看,无评分,0,书童张,https://www.douban.com/people/shutongzhang/
" 梁朝伟演的怎么可能不看！！！！！！！
        ",2012-01-13 21:30:07,想看,无评分,0,Predator.,https://www.douban.com/people/2906253/
" 看到了周迅梁朝伟刘青云等实力派演员，加上古典的那种范，很期待。
        ",推荐,想看,无评分,0,木愿群,https://www.douban.com/people/53115894/
" 就冲这演员阵容！
        ",2011-08-30 18:53:25,想看,无评分,0,Ree，,https://www.douban.com/people/reeyui/
" 肿么认识的人对这货评价都好高，我也想看了= =
        ",2012-01-15 12:46:55,想看,无评分,0,今天溃疡好了吗,https://www.douban.com/people/wu_dbpersonal/
" 这辈子还能看几次这两个人合作
        ",2012-01-13 02:16:33,想看,无评分,0,雪代　影,https://www.douban.com/people/shadowjail/
" 看简介有《致命魔术》的赶脚
        ",2012-01-12 13:01:40,想看,无评分,0,木可❀木可,https://www.douban.com/people/mukemuke/
" 一起去看·！
        ",2012-01-12 18:52:00,想看,无评分,0,[已注销],https://www.douban.com/people/lee_o0/
" 恶心死人 还好是部门活动 否则必须心疼死电影票的钱
        ",2012-01-14 01:24:21,看过,很差,14,大魔王,https://www.douban.com/people/Sandorothy/
" 真心不是喜剧····如果是 那笑点真低···如果说是剧情片，无新意无悬疑...说是魔术片，但又都是特技.看着一帮香港演员说翘舌话真蛋疼
        ",2012-01-13 00:36:23,看过,较差,5,头像不帅没人看,https://www.douban.com/people/43789492/
" 2012的第一部观影体验，竟然很有回归的作风。艺术结合本身就很有看点，亦真亦假又足够精彩。萌点雷大牛的一句“看来今晚要好好闹了”开始尔冬升就玩起了鸟枪换炮般的紧凑衔接。三星半，多变的剧情承接喜剧台词。串场也是谜底走秀。魔术是很后台的，又找了更后台的电影陪伴。你还会选择不靠谱的爱情吗？
        ",2012-01-21 21:55:10,看过,推荐,1,锐利修蕊,https://www.douban.com/people/ruilixiurui/
" whenever you show up, it's a date
        ",2012-01-14 17:35:17,看过,较差,7,左儿,https://www.douban.com/people/lefter/
" 莫名其妙的剧
        ",2012-01-13 23:05:44,看过,较差,6,荷纳梨,https://www.douban.com/people/honahlee/
" tmd水军太厉害了，电影再这样炒作就失去电影的意义了。明明是抄袭之作，做弄得不伦不类，md我都快看睡着了。想看类似题材电影还是去看经典的《致命魔术》和《魔术师》吧。
        ",2012-05-25 21:59:29,看过,较差,0,陈默,https://www.douban.com/people/1865062/
" 这电影好脑残。。。如果不是因为cast很喜欢。。真是看不下去啊！！！！！
        ",2012-08-12 22:09:16,看过,较差,0,oui,https://www.douban.com/people/vivianxx/
" 神台词，神配乐。。这也就算了，要是没有后半边还勉强可以笑一下，你那个神转折真是利剑穿心啊！！！
        ",2012-01-13 11:56:56,看过,较差,6,小周想在家躺着,https://www.douban.com/people/ricechow/
" 实打实的贺岁佳作！！！梁朝伟粉丝表示看的很爽很尽兴！！！很幸运选对了场次感觉这场放映厅内几乎大半都是伟仔的追随者，他一出场全场发出了见到初恋情人一般的颤音，前排的大叔都扶额了……徐克是大亮点！佟掌柜效果够足！同行观摩的日本留学妞告诉我御手洗是厕所的意思，再一次击中笑点！！！
        ",2012-01-18 22:19:18,看过,力荐,7,A L E X,https://www.douban.com/people/oldmanriver/
" 刘青山的表演比较出色。编剧的水平太臭，结构一团糟。
        ",2012-06-18 08:30:04,看过,还行,0,尤忻,https://www.douban.com/people/50497528/
" 飞机是一个巨爱播烂片的地方~
        ",2012-09-03 13:48:07,看过,较差,0,花椰小C,https://www.douban.com/people/31661723/
" 一般
        ",2012-06-18 12:45:34,看过,还行,0,残酷月光,https://www.douban.com/people/37741173/
" 豆瓣是有多少水军啊，电影让我说啥好呢，唯有闫妮和张中信算称职，加多一星吧
        ",2012-01-14 00:53:43,看过,较差,4,nemothecat,https://www.douban.com/people/NemoTheCat/
" 自认为自己的幽默水准还可以，全电影院的人都快乐疯了，我却无动于衷。对于国产式的幽默早就感觉麻木了，确实没什么意思，剧情也比较俗套没什么可看的，当周迅说“我跟你妈同时掉河里你救谁”的时候 全场完全乐疯掉了，我真是搞不懂，这到底有什么可乐的，平时听这种无聊的笑话听的还不够多吗？？？
        ",2012-01-12 23:04:47,看过,很差,31,jackylll,https://www.douban.com/people/3582184/
" 刘青云太帅了
        ",2012-06-18 04:30:15,看过,推荐,0,云鸢,https://www.douban.com/people/62381387/
" 是魔术师版哈姆雷特吗？我都忘了
        ",2012-06-18 08:14:43,看过,还行,0,愚,https://www.douban.com/people/47166594/
" 大爱刘青云和梁朝伟，期望越大，失望越大
        ",2012-06-18 11:06:42,看过,较差,0,红色贝鱼,https://www.douban.com/people/53071930/
" 理解无能 吐槽无能···
        ",2012-01-13 09:32:36,看过,较差,4,Yotaro,https://www.douban.com/people/2022239/
" 退了潮，才知道谁在裸泳……散了场，才知道是不是抄袭……摊了牌，才知道谁在诬陷……华丽的喜剧，不欢迎阴暗的心……亲眼看到的未必都是真的……何况是那一片又一片的谣言……2012应该一个新的开场，那就让这个开场欢乐点……笑看《大魔术师》，带着淡笑，淡然的离场……
        ",2012-01-10 23:12:00,看过,力荐,7,淡然,https://www.douban.com/people/55588353/
" 魔术就是外行可看热闹，内行可看门道。
        ",2012-06-18 17:10:08,看过,推荐,0,sars比亚,https://www.douban.com/people/32397383/
" 伟仔的戏，一定要支持下！！
        ",2012-01-12 20:07:24,想看,无评分,0,队队队队长,https://www.douban.com/people/duizhangzhang/
" 因为尔东升导演，又因为演员表里有梁朝伟、周迅、还有衬衣，所以一定要去看。哈哈哈！
        ",2012-01-11 14:15:52,想看,无评分,0,mathilda_le,https://www.douban.com/people/mathilda_le/
" 三星半
        ",2013-04-16 15:56:41,想看,无评分,0,留白,https://www.douban.com/people/49484071/
" 为啥国产片的女主不是周迅就是国际章就是两个冰冰。新面孔啊！在哪里啊！
        ",2011-05-10 12:25:43,想看,无评分,0,蘑菇芮,https://www.douban.com/people/ruiruiing/
" 刘青云啊~~感觉好久不见好片了！
        ",2011-06-06 03:26:59,想看,无评分,0,JoJo|一只海豹,https://www.douban.com/people/1786605/
" 尔冬升的片子 每个冬天和夏天 都会和你一起去看 可是今年冬天 我缺席了。
        ",2012-01-19 05:35:14,想看,无评分,0,joycey,https://www.douban.com/people/32597672/
" 估计可能是匹票房加质量明晃晃的白马，这阵容再叫黑马就不合适了吧。让我们拭目以待
        ",2012-01-06 22:04:23,想看,无评分,0,吾爱吾被,https://www.douban.com/people/Yaoxxin/
" 两大影帝的碰撞，光看二人飚戏，就看点十足了。
        ",2012-01-13 11:36:08,想看,无评分,0,等到洛阳花开,https://www.douban.com/people/linyuxin1984/
" 当年我还在上初中的时候 看过这个媒体探班的宣传片 因为全是大咖 所以被唬住了 今日一看豆瓣还不到七分 就很想笑 有空了看下
        ",2018-03-10 19:36:37,想看,无评分,0,冷静,https://www.douban.com/people/147984736/
" = =话说同事说很难看，那我是看还是不看呢？
        ",2012-03-02 14:05:38,想看,无评分,0,一头蛮牛,https://www.douban.com/people/shanshan9420/
" 我是来看影帝的，顺便看周迅。。。
        ",2012-01-02 00:32:32,想看,无评分,0,路大腿不露大腿,https://www.douban.com/people/40325873/
" 没人陪着看，好伤脑筋
        ",2012-01-18 10:56:35,想看,无评分,0,SheLdon,https://www.douban.com/people/sheldon_y/
" 想看的唯一理由是梁朝伟，看完评论就充满期待了。
        ",2012-01-16 10:12:32,想看,无评分,0,艾小瞄,https://www.douban.com/people/25535014/
" seriously?虽说这部电影改编自同名小说 不过这个同名小说又是“改编自”哪里的呢？
        ",2012-01-18 17:48:30,想看,无评分,0,豆瓣酱,https://www.douban.com/people/3963769/
" 我总觉得剧情像是在抄袭“魔术师 The Illusionist (2006)”
        ",2012-05-06 20:02:07,想看,无评分,0,swapoer,https://www.douban.com/people/swapoer/
" 想看周迅！
        ",2012-01-31 17:59:57,想看,无评分,0,Lyrics,https://www.douban.com/people/28635446/
" 迅公子魅力大！！！
        ",2012-02-01 21:10:02,想看,无评分,0,夜破晓,https://www.douban.com/people/yepoxiao/
" 我嘞迅哥！！！
        ",2012-01-09 22:25:11,想看,无评分,0,0。煙小花,https://www.douban.com/people/hua.nan.nan/
" ！
        ",2017-09-28 14:30:59,想看,无评分,0,Alinghouse,https://www.douban.com/people/130852651/
" 和魔术沾边的貌似都是好片啊。。。（国外的）这国内的不知如何。。。
        ",2011-06-10 09:39:43,想看,无评分,0,人畜无害囧,https://www.douban.com/people/leonaking/
" 这一颗星是给梁朝伟和刘青云的
        ",2012-01-13 11:19:30,看过,很差,6,miracle,https://www.douban.com/people/miracle1009/
" 绝对是近几年来中国最好看的喜剧，又一次看见港式默很亲切。
        ",2012-01-12 09:56:48,看过,力荐,8,Sparkling,https://www.douban.com/people/lieason/
" 明明是梁朝伟的个人秀，可我就是觉得刘青云帅爆了~~~不过要是没有周迅，我早看不下去了。。。 
        ",2012-05-25 22:26:33,看过,还行,0,yoake,https://www.douban.com/people/yoakel/
" 这才叫贺岁片，13X请先一边凉快好吗？就像张贤的魔术，来看《大魔术师》的无论是花痴、单纯求一笑还是思想教育的都能意满而归。而张贤某些方面也像是老虎一样，一旦来到舞台上（之于老虎则是大银幕）就能尽情释放自己最张扬的一面。片子四星，贺老虎重出江湖加一星！某虎果然三年不开张，开张吃三年啊
        ",2012-01-14 23:23:49,看过,力荐,3,殇潮|Enigma,https://www.douban.com/people/freddy_xu/
" 我也许可能应该没看懂
        ",2012-05-25 19:30:37,看过,较差,0,Dingle.,https://www.douban.com/people/ding415/
" 前面还凑合，后面就开始扯犊子了
        ",2012-08-13 01:25:01,看过,还行,0,柒吋,https://www.douban.com/people/2417785/
" 安于现状，无欲无求。
        ",2012-06-18 18:29:53,看过,还行,0,喵喵,https://www.douban.com/people/Mmiao_69/
" 爱情啊！
        ",2012-06-18 23:19:47,看过,还行,0,冰萤深语,https://www.douban.com/people/55838432/
" 看的过程和看完之后都在想最大也是无可忽略的一个问题，这电影的主旨是什么？梦想？牵强！爱情？更牵强。展示魔术？不要扯淡了。只能当一部且算好笑的闹剧，而闫妮是最好笑的那个。好吧，其实也算是一部很不错的喜剧。
        ",2012-01-14 00:25:48,看过,推荐,3,斯齊佐飛力尼克,https://www.douban.com/people/VinKhan/
" 完全不知所云。。。剧情很脑残，没有意义的笑点。。蛮肤浅的
        ",2012-01-13 22:23:43,看过,很差,25,钦差大臣和珅,https://www.douban.com/people/ashchang/
" 七圣法那段太像《香水》了
        ",2012-01-22 00:34:08,看过,还行,2,坦克手贝吉塔,https://www.douban.com/people/sickrain/
" 本片就是喜剧话剧魔术加梁朝伟个人变装秀，总体来说，还是蛮欢乐的。
        ",2012-06-17 17:01:23,看过,还行,0,大头的小头梦,https://www.douban.com/people/ttd/
" 跟魔术师相比，差远了。
        ",2012-06-18 17:02:35,看过,较差,0,Tracy,https://www.douban.com/people/45462288/
" 很搞笑的，不失为一部贺岁片！客串很给力哇！
        ",2012-06-18 13:29:56,看过,力荐,0,何呵呵,https://www.douban.com/people/57779844/
" 纯浪费演员。他们也乐得演个轻松。
        ",2012-02-08 00:10:10,看过,较差,2,小米=qdmimi,https://www.douban.com/people/qdmimi19810920/
" 非常称职的贺岁档电影。该片能点评的地方基本上友邻全说完了，就不多说了，只有一个地方可以吐槽，影片后段，刘青云在打一个电话说“请高司令接电话”，我仿佛听到了周围好像有流&吞口水的声音（ˉ﹃ˉ），这是为什么咧？呵呵后。 哦，之所以比腐尔摸死2少一颗星是因为最后的包袱抖得没有腐2高明。
        ",2012-01-16 23:39:10,看过,还行,2,青貓,https://www.douban.com/people/angelababy_/
"  很欢乐的片子。适合过年的时候全家去看。梁朝伟、刘青云、周迅不愧是帝后级别，演技有保障。
        ",2012-01-10 22:26:53,看过,力荐,8,Echo,https://www.douban.com/people/26560619/
" 剧情很意外！内个简介就甭看了！看的过程中但凡梁朝伟出来我总是联想到东成西就，尤其是阿拉丁神灯内段儿，然后刘青云一开始就骗了大家，再就不剧透了，看了保准儿你乐呵！
        ",2012-01-10 14:01:31,看过,力荐,7,Turbo-ding,https://www.douban.com/people/2198112/
" 前 1/3 还行，后面沦为搞笑片+肥皂剧。 无厘头了 .. 
p.s. 人老手先老，梁朝伟果然老了。。手上都是褶子。。。 变魔术这个手没法看啊 
        ",2012-01-14 03:06:53,看过,较差,4,长的帅我容易么我(Simp),https://www.douban.com/people/1058923/
" 略显冗长...
        ",2012-06-17 15:47:03,看过,推荐,0,Loser.R,https://www.douban.com/people/ooolinda/
" 有 tony lung啊 自然要看的
        ",2011-12-18 22:33:59,想看,无评分,0,Capricornus,https://www.douban.com/people/yinianzhijian/
" 我建议类型里面再加一个喜剧片，情节曲折却让人能猜出个七八分，看起来不累，影片结尾有点像去年的让子弹飞，没事的时候可以当搞笑片看看，要是想看出来点名堂的话不建议看了。
        ",2012-02-01 13:00:02,想看,无评分,0,摆渡人,https://www.douban.com/people/baiduren011/
" 导演也是号召力
        ",2011-12-27 14:57:25,想看,无评分,0,顺志,https://www.douban.com/people/wangabao/
" 看这片的预告，好像要直接和经典的《致命魔术》PK啊！
        ",2012-01-12 20:07:58,想看,无评分,0,loglog,https://www.douban.com/people/39179216/
" 据说很欢乐~
        ",2012-02-02 21:12:21,想看,无评分,0,硕鼠小安,https://www.douban.com/people/ringrose5719/
" 梁朝伟啊！！！
        ",2012-02-11 15:48:47,想看,无评分,0,梦幻美战,https://www.douban.com/people/lz92105/
" 现阶段  唯一想看的国产片
                
                ",2012-01-22 01:06:40,想看,无评分,0,悲歌喜宴亦太早,https://www.douban.com/people/55901379/
" 尔冬升啊
        ",2012-05-19 22:17:58,想看,无评分,0,小林较瘦,https://www.douban.com/people/43602163/
" ~~
        ",2012-01-19 22:50:21,想看,无评分,0,Yianu,https://www.douban.com/people/48783248/
" 老大说，伟仔好久没演那么喜感的电影了！我说，对啊~当卧底的时候被爆头，玩色戒又伤肾，不容易啊~小海港没得看！唉~
        ",2012-01-13 08:28:42,想看,无评分,0,伙夫阿吴,https://www.douban.com/people/sanyaboy/
" t
                
                ",2012-03-06 11:57:55,想看,无评分,0,ridiculous,https://www.douban.com/people/lisa_clover/
" 欧阳锋穿越的镜头给了我足够的理由去看啊，哈哈哈
        ",2012-01-16 11:05:35,想看,无评分,0,寒水,https://www.douban.com/people/2989793/
" 听说很搞笑
        ",2012-01-18 19:25:04,想看,无评分,0,Miss Fox,https://www.douban.com/people/congjin/
" 尔冬升，挺有才华的一个人。温情路线的代表导演，看看美丽的爱情吧。
        ",2012-02-07 17:37:15,想看,无评分,0,Daniyyel,https://www.douban.com/people/danmao/
" 电影很好看，幽默，轻松，我也会选大牛~~
        ",2012-01-26 19:08:18,想看,无评分,0,若颜,https://www.douban.com/people/3874376/
" mark 希望好看
        ",2012-02-05 21:41:29,想看,无评分,0,[已注销],https://www.douban.com/people/noctis/
" 祝票房过5亿
        ",2012-01-07 05:59:57,想看,无评分,0,厉世遗,https://www.douban.com/people/53563914/
" 梁朝伟是终极观影动力！
        ",2012-01-15 16:43:15,想看,无评分,0,八佰伴,https://www.douban.com/people/sumimasan/
" 刘青云  你该出片了
        ",2011-08-04 18:20:35,想看,无评分,0,Liu,https://www.douban.com/people/2663690/
" 这次回国时候电影频道放的，看了一半去睡了。有时间补完。
        ",2013-07-15 01:42:30,想看,无评分,0,叮鐺。一是一,https://www.douban.com/people/63654946/
" 算是笑点很足的贺岁片了！！！！！梁朝伟依然有东成西就里那个老毒物的风采。其实整个民国本来就算一部魔幻片，洋服机械清朝长辫心安理得混搭在一起的大时代呢~~~~~~~~
        ",2012-01-12 21:28:12,看过,推荐,2,释迦喵呢,https://www.douban.com/people/shyloh/
" 以往看到烂片会小睡会，这次直接退场了。
        ",2012-01-13 22:10:47,看过,较差,2,小屋乌,https://www.douban.com/people/liwenlong/
" 又见伟仔的欧阳锋造型我立刻就欢乐了
        ",2012-08-12 15:00:55,看过,无评分,0,胖子晒太阳❀,https://www.douban.com/people/sun-sun-emma/
" 太热闹了~~~~~~近期国产电影最棒的！！！
                
                ",2012-01-12 15:09:58,看过,力荐,5,伏地鸣,https://www.douban.com/people/44292411/
" 电影和魔术一样，“都是假的！不要信！”
        ",2012-03-06 11:00:23,看过,很差,2,眠去,https://www.douban.com/people/rebekah/
" 充满春节档贺岁片的喜庆气氛，笑点不多，但是总有会让你笑的某几个。【聪杰，晋江】
        ",2012-01-19 19:29:11,看过,较差,1,有意识的贱人,https://www.douban.com/people/kejinlong/
" 好不容易买个Vip，还说能躺着踏实看完呢 但是旁边这位陌生的男的是不是以为做足疗呢？整个电影院就听他一人打呼噜了我操他妈的！
                
                ",2012-01-13 22:15:39,看过,力荐,3,奔奔是个好姑娘,https://www.douban.com/people/xxxx2/
" 如果看喜剧，那看三傻好了；如果看魔术，那看春晚刘谦好了；如果看爱情，那看那些年好了。这部电影就是四不像，看得莫名其妙，有时阵容徒有虚名。
        ",2012-01-14 16:19:01,看过,很差,14,y▓▓▓ton,https://www.douban.com/people/youngton/
" 这个模仿神马的好坏神马的，我都不知道，只是觉得贺岁档就该让这样的片子来冲冲，刘青云让我笑得很开心。。。只是梁朝伟越长越像即将上台的xi主席，让我十分的揪心。。。 

        ",2012-05-26 00:46:02,看过,推荐,0,海猫里希,https://www.douban.com/people/clio-lee/
" 帅死人不偿命哈哈哈！早就看了又是没录的。
        ",2012-05-26 05:51:40,看过,推荐,0,失忆猫咪,https://www.douban.com/people/lovinsmile/
" 还好吧，周迅和梁朝伟的组合，一种新感觉吧
        ",2012-06-18 23:53:31,看过,推荐,0,蓝浅海蝶,https://www.douban.com/people/60185644/
" 轻松 简单
        ",2012-06-19 00:02:46,看过,还行,0,擦擦擦,https://www.douban.com/people/44182899/
" 其实还蛮好笑的。。
        ",2012-06-19 17:57:41,看过,还行,0,小皮尼斯,https://www.douban.com/people/dayuruozhi/
" 5分电影  不是很好笑 笑点也没什么内涵   比较失望 只是一部普通的喜剧片
        ",2012-01-14 00:26:44,看过,较差,4,骨头天,https://www.douban.com/people/39399292/
" 装傻的刘青云和装漫不经心的梁朝伟争夺哑着嗓子的周迅，顺带看看闫妮搞个笑，吴刚幽个默。
        ",2012-05-26 01:03:36,看过,还行,0,夕纪Solitary,https://www.douban.com/people/58096305/
" 我真的只能给两星。。
        ",2012-05-26 00:11:56,看过,较差,0,巴眨巴眨眼,https://www.douban.com/people/55713818/
" 我只是为了看刘青云
        ",2012-08-12 17:50:49,看过,还行,0,青秧,https://www.douban.com/people/47452216/
" 你俩真适合
        ",2012-09-03 14:04:34,看过,还行,0,矛矛矛盾综合体,https://www.douban.com/people/2813548/
" 梁朝伟老了，剧情也实在一般
        ",2012-05-25 17:31:46,看过,无评分,0,艾飞儿,https://www.douban.com/people/1403235/
" 老套的港片风格，演员个个出色，无奈本子没亮点。
        ",2012-05-25 16:13:12,看过,较差,0,饭团126,https://www.douban.com/people/33990103/
" 是因为书。再加上周迅，还有尔冬升，所以想看这个。小期待。
        ",2011-12-26 09:36:01,想看,无评分,0,不唱悲歌,https://www.douban.com/people/37777566/
" 预告片也太2了
        ",2011-12-27 23:24:43,想看,无评分,0,cooky,https://www.douban.com/people/cooky_nono/
" 有点兴趣克看看
        ",2012-01-21 12:20:26,想看,无评分,0,xMG,https://www.douban.com/people/57941245/
" 练得多纯熟的魔术也有可能失手，失手也不要乱，要灵活变通。
继续演下去。
        ",2013-09-21 18:16:11,想看,无评分,0,JasonWongIn,https://www.douban.com/people/wangjisheng/
" 想看，完全是因为梁朝伟！！！！
        ",2012-01-15 10:12:54,想看,无评分,0,❤囡,https://www.douban.com/people/wan1314/
" 好强大的阵容啊
        ",2012-01-25 10:39:35,想看,无评分,0,时落孙山冷秋寒,https://www.douban.com/people/42378023/
" 尔冬升的还有点想看
                
                ",2012-01-08 00:17:04,想看,无评分,0,阿布,https://www.douban.com/people/1131768/
" 周迅不解释
        ",2012-01-13 19:04:40,想看,无评分,0,愁容骑士刘大,https://www.douban.com/people/Dr_White/
" 喜欢周迅：）
        ",2012-01-12 16:03:22,想看,无评分,0,mengburger,https://www.douban.com/people/magicmaomao/
" 怎么看剧情简介和爱德华诺顿的魔术师那么像
                
                ",2012-01-16 09:18:10,想看,无评分,0,彼方君,https://www.douban.com/people/sherry_zeng/
" 冬尔升，香港的香
        ",2011-12-02 22:54:31,想看,无评分,0,Bitree,https://www.douban.com/people/bestmcgrady/
" 这和诺顿的魔术师一样么？？？？？
        ",2012-01-13 17:15:48,想看,无评分,0,周公不要我,https://www.douban.com/people/MSS/
" 说实在的 不太喜欢周迅。。。但是不得不承认 周迅在塑造某类角色很有说服力。刘青云还是比较看好的 不知道 谁会是亮点
        ",2012-01-12 23:55:24,想看,无评分,0,浮华已逝,https://www.douban.com/people/mamiya_c3/
" 到底是好是烂?
                
                ",2012-01-18 22:19:36,想看,无评分,0,尕君君,https://www.douban.com/people/rosemary_zheng/
" 中国版的<魔术师>,就当冲着周迅和梁朝伟来看的吧
        ",2011-11-27 13:25:50,想看,无评分,0,小欧,https://www.douban.com/people/bravoboy/
" 死不正经却异常拉风的港产贺岁。
        ",2012-01-31 08:42:43,想看,无评分,0,修女,https://www.douban.com/people/renxingbingqi/
" 贺岁片
        ",2012-01-23 18:21:52,想看,无评分,0,Devil,https://www.douban.com/people/mumuxi_li/
" 梁朝伟呀梁朝伟
        ",2012-01-13 10:50:33,想看,无评分,0,penguinting,https://www.douban.com/people/penguinting/
" 想念梁朝伟的香肠嘴。低迷的时候看喜剧最好。
        ",2012-01-14 15:37:46,想看,无评分,0,sibyl-lee,https://www.douban.com/people/34921741/
" 我对尔冬升总有那么点期待 
        ",2012-01-18 00:19:36,想看,无评分,0,西西西西西捏,https://www.douban.com/people/edcxixi/
" 贺岁片么还可以~尼玛贺岁片还要苦大仇深蝙蝠侠兄弟大战克隆金刚狼？
        ",2012-08-12 18:28:39,看过,还行,0,大眼袋儿姨娘,https://www.douban.com/people/doubandayima/
" 唉。。。
                
                ",2012-01-13 23:15:04,看过,较差,5,岁既晏兮孰华予,https://www.douban.com/people/1749655/
" 各种关于电影圈的槽点，笑到不能自已。很高兴今年看的第三部电影，如此可爱，美满。刘青云梁朝伟吴刚闫妮火花四射，周公子不咸不淡，花瓶表现。
        ",2012-01-09 22:02:46,看过,推荐,4,DiDi,https://www.douban.com/people/rainfirefly/
" 莫名其妙。
        ",2012-01-13 09:26:10,看过,较差,4,手机和鸡尾酒,https://www.douban.com/people/Momoynwa/
" 看到吳彥祖只覺得小驚喜，畢竟小寶片子里太多吳彥祖了~看到秦沛也覺得不出奇~但居然看到徐老怪，那一刹那真的很驚喜好嘛！當我看到偉仔穿著波斯裝在月亮上晃蕩~~看到偉仔扮成道士樣裝神弄鬼~~那一刻心裡在想這樣的偉仔真是太久不見了！誰說現在港產喜劇全爛片，只要導演還有heart觀眾就一定feel的到！
        ",2012-01-12 16:13:33,看过,推荐,5,社会桃儿,https://www.douban.com/people/woaisuxiaoyan/
" 比起《金陵》《龙门》，行云流水不肆张扬的《大魔术师》才更像贺岁片，如果年三十晚上除CCTV，全国卫视都放这部电影，估计春晚有十个本山忽悠也没人看。两个小时在刘青云、梁朝伟的斗法，喜感逼人的绿叶闫妮、吴刚衬托下，一会儿就笑过去了，周迅的花瓶没发挥余地，不过，没她这戏也不成。四星半推荐。
        ",2012-01-14 23:28:25,看过,推荐,3,内陆飞鱼,https://www.douban.com/people/veverlee/
" 若能自自然然的搞笑，不至于在最后加上让人吐槽不能的魔幻情节（或者御手洗什么的），又或者电脑特技做得再好一些，去除一些老梗，又或者把小说改到面目全非，请姜文来拍，都比承了窃听风云的余兴来看尔冬升要好。不过割裂说：“我上街买了二斤面，可票子用了八斤半”的一老一少鼠来宝，实在是拍得漂亮
        ",2012-03-19 13:09:38,看过,还行,1,文泽尔,https://www.douban.com/people/wenzel/
" 看电影时多次想起《让子弹飞》，两片都在玩政治隐喻，不过本片的政治是壳，姜文的政治是核。于是，当姜文把电影的结局放在“革命完成之后怎么办？”的思考（也是给续集留下空间）时，本片的尾巴却轻佻地定格在俩男主追女主，把一出讽刺喜剧彻底消解成了闹剧。另外，片子还应剪得紧凑一些。【厦门新百】
        ",2012-01-15 22:59:18,看过,推荐,10,sterdam,https://www.douban.com/people/Uvo/
" 在说什么呀。。。
        ",2012-08-12 11:02:20,看过,较差,0,Think big,https://www.douban.com/people/Greatideal/
" 尔冬升是要转行拍无厘头么？
        ",2012-05-25 18:47:31,看过,还行,0,大腹便便花轮君,https://www.douban.com/people/54077751/
" 和 让子弹飞一个级别。。。可以当消遣看 比较搞


        ",2012-05-25 18:57:26,看过,推荐,0,37°2,https://www.douban.com/people/61661455/
" 剧情，设定，细节，无任何可圈点之处，唯一还行的是一线演员的演技
        ",2012-01-13 09:25:47,看过,较差,4,西格猫,https://www.douban.com/people/lvxiaolei1/
" 梁朝伟拍喜剧
        ",2012-08-12 19:42:04,看过,还行,0,钢铁女战士,https://www.douban.com/people/55608502/
" 地球人不能阻止我爱梁朝伟了！！！！虽然我对电影有点失望！！！！张贤和雷大牛在一起才是正道啊！！！
        ",2012-01-12 02:43:27,看过,力荐,4,行走中的派,https://www.douban.com/people/slcws/
" 算小小好玩。
        ",2012-06-18 00:18:34,看过,还行,0,SUMMER七月,https://www.douban.com/people/qianjia714/
" 比想象中好
        ",2012-06-17 11:19:10,看过,还行,0,讓二,https://www.douban.com/people/52209363/
" 不错不错，今年贺岁档终于能看上一个像模像样的电影了
        ",2012-01-24 22:01:36,看过,推荐,1,Y.Phoenix,https://www.douban.com/people/roddickye/
" 我去，坑爹啊，当初看到这个名字看到海报，很自然的联想到它应该是跟‘致命魔术’一样的悬疑剧。。。结果它是竟然是赤果果的喜剧！！你怎么可以是喜剧！怎么可以啊啊啊啊啊！！anyway，是好看的电影。。。 
        ",2012-01-13 04:03:38,看过,力荐,3,-NO2,https://www.douban.com/people/jielinloveyy/
" 港版乔治克鲁尼愈发让我失望。三大卖点，就魔术玩的还成，可惜我对魔术半点兴趣没有。嬉闹方式明显有借鉴子弹飞，这种硬桥硬马的饶胳肢窝式穷开心，我是完全无感的。今时今日的梁朝伟已经无法再放下包袱，驾驭这类无脑角色了，但凡他的眉头一紧缩，无数经典形象扑面而来，简直让我应接不暇。 
        ",2012-01-12 22:46:46,看过,较差,5,LOOK,https://www.douban.com/people/2049622/
" 一流的演员，三流的情节，粗糙的剪辑，土气的设计，更把伟仔和刘青云都变成了没深度的演员了。很多角色的出现都莫名其妙，方中信从头到尾我都不知道他干嘛的，打酱油痕迹太重了。好吧，我承认，有一些来自网络的语言还比较好笑。其他的，差。最后居然还抄袭《香水》的桥段
        ",2012-01-19 01:49:58,看过,较差,2,我说文小博,https://www.douban.com/people/wenbo1216/
" 明儿去看
        ",2012-01-20 22:40:27,想看,无评分,0,叔山無趾,https://www.douban.com/people/36785903/
" 纠结，好不容易看到梁朝伟，你说周迅凑什么热闹。
        ",2012-01-23 23:26:29,想看,无评分,0,zhou,https://www.douban.com/people/zhouding333/
" 大魔术师.The.Great.Magician.2012.BluRay.2Audio.MiniSD-TLF
http://115.com/file/anmbkac8#
tt1869721.iso
密码tlfhfcd
        ",2012-03-20 08:02:22,想看,无评分,0,小破孩,https://www.douban.com/people/oyoung/
" 周迅梁朝伟
        ",2016-09-18 20:49:41,想看,无评分,0,陈小增,https://www.douban.com/people/79106291/
" 齐刘海的周迅
        ",2012-01-12 19:03:31,想看,无评分,0,MDZZ,https://www.douban.com/people/gogosecret/
" 看了预告感觉和如果爱很像
        ",2011-12-01 23:01:50,想看,无评分,0,Et.,https://www.douban.com/people/sammylew2009/
" 看介绍貌似不错。。
        ",2012-01-12 18:44:10,想看,无评分,0,墙上的叶子,https://www.douban.com/people/sunnyspace/
" 梁朝伟新作啊
        ",2012-01-25 19:12:27,想看,无评分,0,RimeC,https://www.douban.com/people/Glide-bufeng/
" 阵容太强大
        ",2011-06-18 07:49:12,想看,无评分,0,紧张胚,https://www.douban.com/people/sousou..../
" 听说是喜剧 看看可以温暖一下我这潮湿的内心哈
        ",2012-01-27 22:34:45,想看,无评分,0,寻经人,https://www.douban.com/people/joway_God_/
" 想要亲自验证一下这部是抄袭致命魔术还是魔术师。。
        ",2011-11-25 11:29:27,想看,无评分,0,能动手就别叽歪,https://www.douban.com/people/2229130/
" 迅哥的电影是要看的。
        ",2011-08-17 00:24:02,想看,无评分,0,穿山乙,https://www.douban.com/people/chenchener/
" 因为有迅哥
        ",2012-02-09 19:21:03,想看,无评分,0,魔人啾啾实验室,https://www.douban.com/people/sususay/
" 梁朝伟
        ",2012-01-14 11:31:52,想看,无评分,0,EpiMetheus,https://www.douban.com/people/4336495/
" 冲着尔冬升周迅我怎么着也会看的。现在觉得呢⋯⋯出国不是回不成家过年考试这样的悲催，而是去不了影院看国产电影等半天网上还只能找一枪版！影院放的就是暮色这样让我恶心的快吐出来的东西⋯⋯
        ",2012-01-20 01:03:20,想看,无评分,0,不叫echo叫什么,https://www.douban.com/people/echotyh/
" 亲 我们去看吧
        ",2012-01-17 17:09:54,想看,无评分,0,Gilean,https://www.douban.com/people/gilessica/
" 在看故事正好看到这个我先马克一个
        ",2011-08-09 14:23:50,想看,无评分,0,北堂肆不被烫死,https://www.douban.com/people/curry23/
" 对这部电影很期待，周迅和梁朝伟的第一次合作，影帝影后的碰撞一定很有火花。还有刘青云这位香港影帝，还有吴刚这位金鸡影帝，都是实力派。
        ",2011-09-02 17:01:26,想看,无评分,0,猪猪,https://www.douban.com/people/54187988/
" 冲着大牛和昆山，也得看啊～
        ",2012-01-21 04:33:33,想看,无评分,0,DNMIC,https://www.douban.com/people/37174035/
" 没时间去电影院，只能等网上了。不得不说的是，梁朝伟穿上衣服以后，还是很容易就把我击中。
        ",2012-01-18 13:25:14,想看,无评分,0,看朱成碧,https://www.douban.com/people/rosemaryguo/
" 为这么多明星 多给一颗星 烂片
        ",2012-08-13 00:22:04,看过,较差,0,卤味斋,https://www.douban.com/people/mcy1991/
" 看简介时本以为是山寨诺顿的《魔术师》，结果去了电影院才发现这货根本是最正统欢乐的港式喜剧啊！！用色、配乐和口白及转场方式一下子让我回到了小时候看香港喜剧碟片的时代，复古的很用心，人设也活泼不做作，闫妮很有笑点，刘青云还像沙皮一样可爱老戏骨，这是我继东成西就后看梁朝伟最开心的一次！
        ",2012-01-26 16:56:26,看过,推荐,3,伍德与夏洛蒂,https://www.douban.com/people/ipodmelody/
" 好欢乐。
        ",2012-06-17 13:57:26,看过,还行,0,Jarr,https://www.douban.com/people/ageha/
" 尔冬升大张旗鼓地对老港片致敬，无论是人物、剧情、动作、布景、打光方式，末了却一把剪了港片遗老遗少的辫子，就是整部电影最大的悖论。很二逼的情节，是纯粹玩票的表现，除了部分显得突兀的自嘲博人冷笑，剩下的都是无逻辑的冗长拼盘。
        ",2012-01-13 23:34:49,看过,较差,18,大灰狼,https://www.douban.com/people/greywolf/
" 一开始把影片定义为严肃的剧情片 结果观影开始原来是部诙谐的搞笑片 真心佩服尔冬升导演到如今能够在这样的年代还能拍出让俺可以真心发笑的片子 哈哈梁朝伟和刘青云果然都是精英 阿拉丁神灯那会完全穿越到‘东成西就’哈哈好好笑啊 好吧魔术 爱情 亲情 梦想 人性 我喜欢！
        ",2012-01-13 11:49:11,看过,推荐,1,秀逗的藏馬,https://www.douban.com/people/zhuniya/
" 觉得看了很久了，但一直没有“入戏”，看了看表，90分钟都过去了，这片子有高潮么？感觉是一盘散沙。
        ",2012-01-13 18:59:16,看过,较差,2,歪,https://www.douban.com/people/seize-the-day/
" 我不懂你的幽默
        ",2012-09-03 11:17:41,看过,还行,0,小妹你别这样,https://www.douban.com/people/ball_cactus/
" 不错挺搞笑，不过我想问，梁朝伟的手咋那么巧？
        ",2012-08-12 18:28:26,看过,力荐,0,花朵的温室,https://www.douban.com/people/oneanya/
" 刘青云太亮了。
        ",2012-06-17 15:55:58,看过,还行,0,zoe,https://www.douban.com/people/shen-yi/
" 瞎了好角，结尾是 我愿意，杀鸡用牛刀。不过道理总归清亮，我做的坏，让所有人都相信了，真的是所有人，那些我正在保护的人却来杀我。
        ",2012-06-17 11:05:06,看过,还行,0,我要去流浪,https://www.douban.com/people/3909596/
" 没什么内容，闲的时候消遣下
        ",2012-08-12 11:15:42,看过,推荐,0,午后阳光❤,https://www.douban.com/people/49744878/
" 向默片致敬，向逝去的港片致敬，向电影致敬。尔冬升在贺岁档奉献出纯良的港式幽默，摸准命脉，狠狠下刀。一切类型元素有发挥得淋漓尽致，让观众尽情笑吧。梁朝伟老了，眼角的褶子和松弛的皮肤，能把它们也都变走吗？
        ",2012-01-12 13:21:03,看过,推荐,3,shininglove,https://www.douban.com/people/2849243/
" 6.5/10。这片子，不知道是不是有精分。
        ",2012-05-26 03:48:40,看过,还行,0,蜂言,https://www.douban.com/people/45940250/
" 老了老了...
        ",2012-06-17 12:09:04,看过,还行,0,昀在,https://www.douban.com/people/keyilibie/
" 我再也不看搞笑片了……我之前不知道是搞笑片才看的，我的确笑了，这片算成功了吧。。。反正这片毫无内涵，就当消遣吧
        ",2012-06-19 07:06:29,看过,较差,0,救赎时刻,https://www.douban.com/people/56200957/
" 很欢乐嘛，几个段子相当有趣。
        ",2012-04-19 22:28:07,看过,推荐,1,流空破刃,https://www.douban.com/people/Zetsubo/
" 不喜欢
        ",2012-09-03 15:52:43,看过,还行,0,毛小毛,https://www.douban.com/people/maoyufreng/
" 普通青年帮文艺青年和二逼青年争女人。最后青年们都去搞基了。
        ",2012-01-16 18:51:43,看过,还行,10,张小北,https://www.douban.com/people/xzfd/
" 绝对看完后值回票价和车租车费的片子，你不暗自喊牛B那是你不懂电影了！
        ",2012-01-11 10:03:56,看过,力荐,5,流涌,https://www.douban.com/people/48310351/
" 5.0。魔术，你永远不懂；一如电影与杂耍的距离，正在于多了梅里爱、爱森斯坦和费里尼。PS：关于演员，或许瑕瑜互见。私以为，伟仔太热脸，以致老态尽现，不够耍酷；周迅太冷脸，以致飚戏自嗨，不够外放；唯刘青云首当其冲，禀赋满满，最贴合此片神韵。
        ",2012-01-20 23:26:14,看过,力荐,2,陆支羽,https://www.douban.com/people/luzhiyu/
" 好久没看过周迅的片子了。
        ",2012-01-12 23:34:41,想看,无评分,0,鬼鬼 ┌. Ace,https://www.douban.com/people/pinky1206/
" 坑爹了 
        ",2012-01-04 12:27:39,想看,无评分,0,Murphy,https://www.douban.com/people/Woowzc/
" 为什么是周迅？为什么尔冬升要拍这么恢弘的片？
        ",2011-08-19 12:57:04,想看,无评分,0,Amber,https://www.douban.com/people/amberchung/
" 。。。哇听说有吴彦祖啊~~~~~~看帅哥也要看~~~~~~
        ",2012-01-16 02:20:43,想看,无评分,0,阿逗君,https://www.douban.com/people/doudoudw824/
" 尔冬升。。
        ",2012-01-14 17:33:31,想看,无评分,0,烟雨还魂,https://www.douban.com/people/littleAser/
" 演員很吸引。
        ",2012-01-12 15:01:57,想看,无评分,0,凱莉琪,https://www.douban.com/people/57718870/
" 又见12.22
        ",2011-05-10 07:37:45,想看,无评分,0,复兴街的好朋友,https://www.douban.com/people/saturation/
" 都是我喜欢的演员啊～～～～
        ",2012-01-12 00:31:29,想看,无评分,0,Euu,https://www.douban.com/people/euu/
" 梁朝伟你等着我！！！！
        ",2012-01-18 06:59:58,想看,无评分,0,没有鸽子毛,https://www.douban.com/people/OMFG/
" 有尔冬升，就有了理由
        ",2011-05-29 22:44:11,想看,无评分,0,腰是什么,https://www.douban.com/people/47674231/
" 不是宣传的时候还很宣传闫妮呢嚒，连海报都没上，宣传这么久了要把人吊死啊，还要等到明年
        ",2011-12-27 04:36:33,想看,无评分,0,小燕童鞋~,https://www.douban.com/people/snowyan/
" 这个剧情跟The Illusionist很像，但是感觉应该没有拍出他的感觉
        ",2011-07-17 13:47:55,想看,无评分,0,Nanananana~,https://www.douban.com/people/Weina_Lee/
" 听说是一部喜剧片？
        ",2012-01-17 17:23:08,想看,无评分,0,[已注销],https://www.douban.com/people/yuhaowei/
" 猜情人真好听啊~~
        ",2011-12-08 14:12:55,想看,无评分,0,missaverage,https://www.douban.com/people/blancoflower/
" 想跟你一起去看
        ",2012-01-19 19:52:13,想看,无评分,0,MARINDA,https://www.douban.com/people/y2daisuke/
" 还以为是刘镇伟的戏，，那这样可以期待一下
        ",2012-01-18 02:21:15,想看,无评分,0,yoixxx,https://www.douban.com/people/farceyo/
" 看到预告片就hold不住了
        ",2012-01-09 19:18:11,想看,无评分,0,jen,https://www.douban.com/people/liljen/
" 票房电影嘛~那就捧捧场
        ",2012-01-13 01:23:02,想看,无评分,0,叁圆儿,https://www.douban.com/people/elise-qian/
" 当然梁朝伟嘛   。
        ",2012-01-01 10:53:18,想看,无评分,0,小兔纸乖乖,https://www.douban.com/people/joeyhou11/
" 已有
        ",2012-12-22 19:47:45,想看,无评分,0,gaia,https://www.douban.com/people/gaiasmile/
" 喜剧的台搭得还不错，软硬兼施，能变（编）出不少笑来，欢乐。可惜，这个台在ending处塌垮了
        ",2012-01-12 23:27:33,看过,还行,7,木卫二,https://www.douban.com/people/MovieL/
" 不够精彩。元素没少加，《魔术师》、《让子弹飞》、《香水》、李翰祥，一锅乱炖；线索没少布，东一个西一个都没展开，丢三落四。
        ",2012-01-20 19:15:17,看过,还行,6,芦哲峰,https://www.douban.com/people/luhua/
" 看完不知所谓 哎
        ",2012-01-13 13:38:37,看过,较差,2,Rojel,https://www.douban.com/people/rojel/
" 闫妮，雅蠛蝶什么的。。魔术变的不错
        ",2012-08-13 02:26:35,看过,还行,0,LAZYcxy,https://www.douban.com/people/57065086/
" 只要是尔冬升出品必定四星以上！！！
                
                ",2012-01-11 17:48:05,看过,力荐,2,Ms Underwater,https://www.douban.com/people/Rosazhang/
" 后悔看这部电影了。
        ",2012-06-17 11:39:56,看过,较差,0,坐上马车去北京,https://www.douban.com/people/34549442/
" 给吳彥祖一分，给周迅一分。不好意思，阵容也无法挽救烂片的本质。
        ",2012-09-03 20:07:29,看过,较差,0,白樹,https://www.douban.com/people/zzzzwt/
" 我在努力让自己笑。。
        ",2012-01-12 22:27:41,看过,还行,2,MeikoC,https://www.douban.com/people/july_u/
" 与魔术师有关的片子向来不会差，此话已被终结
不明所以的东西……
还有，周迅越来越讨人厌了
        ",2012-01-13 11:00:41,看过,较差,2,茫茫茫茫斯特Q,https://www.douban.com/people/Iwarming/
" 原谅我接受无能
        ",2012-01-13 22:14:09,看过,很差,2,McJudy,https://www.douban.com/people/mirazxx/
" 2012的第一部奇葩电影，用好莱坞3D特效完美还原了戏法儿和马戏团的魔术。
        ",2012-01-16 09:23:49,看过,很差,4,悲剧森林,https://www.douban.com/people/beijusenlin/
" 献给小明的电影。笑点太低。没有高潮。
        ",2012-01-15 22:01:53,看过,较差,1,LizLee,https://www.douban.com/people/lizlee0601/
" 仿佛回到了儿时看老港片的时候
        ",2012-01-20 22:53:18,看过,推荐,0,等一个人,https://www.douban.com/people/dengyigeren/
" 本以为是场乱世情缘，谁料是出荒诞喜剧。尔冬升也油滑了
        ",2012-01-13 21:04:10,看过,还行,2,longhann,https://www.douban.com/people/longhann/
" 了解一一些中国古彩戏法，吴刚的表演挺出彩的。牛司令的转变还挺令人意外的。
        ",2012-06-16 23:29:17,看过,推荐,0,云中白鹤,https://www.douban.com/people/2222046/
" 能不能有个配得上魔术师名字的结局啊！！！
        ",2012-06-19 10:20:37,看过,还行,0,林milk,https://www.douban.com/people/linmilk/
" 梁朝伟 你懂得
        ",2012-06-19 10:31:44,看过,无评分,0,MoMo,https://www.douban.com/people/60736533/
" 吴刚演喜剧也可以嘛。
        ",2012-08-31 02:29:45,看过,还行,0,Hanzhiyu,https://www.douban.com/people/hanzhiyu/
" 浮夸，喜剧得无厘头，让人看了无力，

        ",2012-08-12 15:00:31,看过,无评分,0,规矩点挺好,https://www.douban.com/people/60899676/
" 爛爛爛爛爛！
        ",2012-01-13 22:39:37,看过,很差,2,玛蒂尔达,https://www.douban.com/people/2971348/
" 喜欢周迅很多年了，怎能错过？
        ",2012-01-22 12:08:28,想看,无评分,0,Seydoux,https://www.douban.com/people/57953083/
" 尔冬升
        ",2011-10-12 22:23:19,想看,无评分,0,尘开心,https://www.douban.com/people/yueer612/
" 超级想看的！梁朝伟刘青云这两个老男人！
        ",2012-01-08 18:50:50,想看,无评分,0,大虎和胖熊,https://www.douban.com/people/48815744/
" 纯粹是想看梁朝伟变魔术，是不是很帅酷呢？
        ",2012-01-09 10:38:56,想看,无评分,0,大连芹菜,https://www.douban.com/people/34844166/
" 刘青云诶……谁管梁朝伟型成啥样呢，谁管周迅飘成啥样呢，有，刘，青，云，就足够看一部电影的理由啦~
        ",2012-01-13 17:34:21,想看,无评分,0,skyfish,https://www.douban.com/people/fortran/
" 祖！！！
        ",2012-01-13 13:17:56,想看,无评分,0,寒轩听暑雨,https://www.douban.com/people/ginger9286/
" 想看，梁朝伟的电影。
        ",2012-01-04 08:31:22,想看,无评分,0,"然然然然后,",https://www.douban.com/people/yynadine/
" 王家卫你到底闹哪样！一代宗师什么时候来！大魔术师都来了
        ",2011-12-11 12:54:39,想看,无评分,0,Sn狐,https://www.douban.com/people/snh/
" 虽然我真的不喜欢尔冬升...但是我喜欢周迅和梁。
                
                ",2012-02-11 15:45:03,想看,无评分,0,鸥甚,https://www.douban.com/people/carolgogo/
" 我才知道有吴彦祖！
        ",2012-02-16 06:39:10,想看,无评分,0,奶瓶瓶,https://www.douban.com/people/emiliaysean/
" 因为周迅！
        ",2012-01-19 16:13:07,想看,无评分,0,cashew,https://www.douban.com/people/54616629/
" 12.22
        ",2011-05-10 22:45:02,想看,无评分,0,超超,https://www.douban.com/people/childchou/
" 不晓得好不好看
        ",2012-01-20 20:30:59,想看,无评分,0,凯大王,https://www.douban.com/people/33839988/
" !!!
        ",2012-01-18 02:01:45,想看,无评分,0,盏盏小鱼 胖胖,https://www.douban.com/people/2145748/
" 男主角叫张贤！
        ",2011-04-23 13:55:38,想看,无评分,0,oowwl,https://www.douban.com/people/3438389/
" 就是为了周迅嘛
        ",2011-12-22 16:20:34,想看,无评分,0,洛蒂亚夜猫,https://www.douban.com/people/lililil/
" 据说很棒，期待下
        ",2011-12-30 23:58:34,想看,无评分,0,微纪元,https://www.douban.com/people/1997911/
" 我想晓得这个跟魔术师有什么区别。
        ",2012-01-13 19:10:03,想看,无评分,0,[已注销],https://www.douban.com/people/amos1m/
" 虽然对剧情无期待，但好歹是Tony演的~
        ",2012-01-14 22:48:59,想看,无评分,0,The Wonders,https://www.douban.com/people/thewonders/
" 听了他们合唱的《猜情人》，不知道为什么，这感觉让我想起了《如果爱》，是因为都有周迅么
        ",2011-12-04 13:45:31,想看,无评分,0,[已注销],https://www.douban.com/people/41616303/
" 你们混蛋难道没有发现配乐和画面是抄袭hugo的 ！！！混蛋！！！
        ",2012-01-22 12:30:47,看过,还行,0,babypuncher,https://www.douban.com/people/whothehellcares/
" 我本来是抱着去打发无聊时光的态度去的，结果意外的发现它不是一部脑残电影！还挺搞笑的！大导演的圆桌会议屌爆了！刘青云真的很有爱啊，梁朝伟数年不见还是那么风采依旧
        ",2012-01-13 11:36:58,看过,推荐,1,[已注销],https://www.douban.com/people/Nicolelala/
" 呵呵
        ",2012-08-13 00:31:58,看过,推荐,0,耕海棠,https://www.douban.com/people/63774330/
" 无聊的魔术障眼法么？
        ",2012-08-12 12:32:49,看过,较差,0,童心协栗,https://www.douban.com/people/4039057/
" 真的很搞笑 
        ",2012-08-12 20:31:59,看过,推荐,0,Exist,https://www.douban.com/people/Exist553/
" 变戏法的、玩杂耍的、拉洋片的，再来两个数来宝的，分明是一出天桥乐嘛！本片又回复到老港片那种没心没肺的创作阶段，不考虑逻辑，怎么开心怎么来。仔细回味情节可能不严密，人物转变可能略突兀，却丝毫不影响观感。非常适合放松的娱乐片，美术、配乐等也都很有特色
        ",2012-08-12 21:59:00,看过,推荐,0,红帽子,https://www.douban.com/people/52777650/
" 很多人说看完后不知道在演什么，其实我也是。不过我想此片的重点不在于内容上，搞笑和魔术才是此片的主旨。还是不错的，个人觉得和《让子弹飞》有些类似。
        ",2012-08-12 09:55:30,看过,推荐,0,布拉德痞特儿,https://www.douban.com/people/63785743/
" 说真的，这部片子有点给我惊喜
        ",2012-08-12 13:39:32,看过,推荐,0,直弯好基友,https://www.douban.com/people/59156667/
" 完全笑不起来
        ",2012-01-13 09:43:11,看过,较差,2,暗黑游侠,https://www.douban.com/people/4073184/
" 脑残··· 卡通····虎头蛇尾············
        ",2012-01-13 23:13:06,看过,较差,29,無賴先生,https://www.douban.com/people/zhouhui999/
" 烂!
                
                ",2012-01-17 23:52:14,看过,较差,1,观点60,https://www.douban.com/people/42724688/
" 乐死我了
                
                ",2012-01-13 11:46:07,看过,力荐,1,我有98k,https://www.douban.com/people/iclover1314/
" 笑笑就得了，别的还用说什么？
        ",2012-06-17 12:56:31,看过,推荐,0,小V,https://www.douban.com/people/lixiaoV/
" 这部电影的意义，就在于在电影院里笑笑，出来之后什么都没了。还一帮傻逼跟着推荐，无聊
        ",2012-01-13 06:48:29,看过,较差,3,Feng,https://www.douban.com/people/1120898/
" 未曾料是喜剧啊
        ",2012-06-17 02:48:36,看过,还行,0,蓝男,https://www.douban.com/people/xxx__y/
" 。。。。。
        ",2012-03-09 20:13:35,看过,还行,0,軒,https://www.douban.com/people/VeniTseng/
" 被枪手的打分骗了，真心觉得剧情很弱智，好在没给电影票钱
        ",2012-01-15 01:39:08,看过,还行,1,月兔捣年糕,https://www.douban.com/people/moonrabbit23/
" 山寨货 找不到笑点
        ",2012-01-15 21:43:26,看过,很差,1,延安新村陈妙可,https://www.douban.com/people/coca.london/
" 很欢乐
        ",2012-06-17 17:23:01,看过,推荐,0,Zachary,https://www.douban.com/people/nongcunwa/
" 闫妮 有戏
        ",2012-03-18 22:53:42,看过,很差,0,rocky,https://www.douban.com/people/4099282/
" 似乎海报不错~
        ",2012-01-14 00:05:06,想看,无评分,0,苹果床,https://www.douban.com/people/2003859/
" 魔术与电影的结合，貌似有点意思，马克。
        ",2012-01-24 22:54:03,想看,无评分,0,SHIKI,https://www.douban.com/people/exprosive/
" 为嘛豆瓣首页没有这个介绍，没交广告费？
        ",2012-01-12 09:30:59,想看,无评分,0,番茄西红柿,https://www.douban.com/people/7256637/
" 据说跟原著差很多？不过还是好想看~~~~爱老夜！！
        ",2012-01-12 19:47:24,想看,无评分,0,曼仔烧,https://www.douban.com/people/4545561/
" 明天走起~
        ",2012-01-13 16:50:52,想看,无评分,0,我 叫 不 紧 张,https://www.douban.com/people/43496596/
" 好想看，原来是喜剧啊
        ",2012-01-19 10:10:39,想看,无评分,0,ppgirl,https://www.douban.com/people/1848756/
" 据说很搞笑。。？我以为历史大片呢。。
        ",2012-01-16 17:28:30,想看,无评分,0,迦南地伯利恒星,https://www.douban.com/people/45121714/
" 看预告片不是应该很黑暗吗 怎么是个喜剧
        ",2012-01-30 13:09:09,想看,无评分,0,讲你知你可知,https://www.douban.com/people/4005865/
" 听说还不错
        ",2012-02-06 19:39:18,想看,无评分,0,橘子,https://www.douban.com/people/juzi0809/
" 梁朝伟 刘青云 周迅
        ",2016-07-16 10:39:16,想看,无评分,0,明明MH在路上,https://www.douban.com/people/121731814/
" 必须看 必须看 梁朝伟 哇哦~~~
        ",2011-12-06 22:47:09,想看,无评分,0,草莓芒果巧克力,https://www.douban.com/people/46464292/
" 阵容很强大，但看简介目前觉得和06年美国的那部《魔术师》有些神似～不过也许是错觉
        ",2012-01-13 08:49:38,想看,无评分,0,心怀感恩,https://www.douban.com/people/50168723/
" 恩 這個..
        ",2012-03-02 15:02:44,想看,无评分,0,mismi,https://www.douban.com/people/54058760/
" 我想看周迅。。。。。
        ",2012-01-14 00:37:20,想看,无评分,0,瓶子,https://www.douban.com/people/49735907/
" 我猜电影
        ",2018-04-10 16:43:30,想看,无评分,0,秋月高粱,https://www.douban.com/people/130986839/
" 期待！
        ",2011-05-12 17:52:17,想看,无评分,0,Qita,https://www.douban.com/people/Qita/
" 夜叔啊
        ",2011-12-10 14:09:29,想看,无评分,0,很萌拾荒者,https://www.douban.com/people/2282787/
" 反正我是很期待。。。
        ",2011-12-16 09:25:00,想看,无评分,0,大块头,https://www.douban.com/people/3964903/
" 好吧，我承认我真的好久没看电影了~连梁生跟迅哥的都敢放过
        ",2012-06-01 16:58:39,想看,无评分,0,黑白配,https://www.douban.com/people/dada663/
" 好像不错 是个喜剧？
                
                ",2012-01-19 01:08:12,想看,无评分,0,Pada,https://www.douban.com/people/Cutty/
" 入戏略慢
        ",2012-03-13 04:05:39,看过,推荐,0,[已注销],https://www.douban.com/people/fuyuwinter/
" 这他妈还娱乐一下还是真的可以的
        ",2012-06-18 01:47:21,看过,还行,0,D7th,https://www.douban.com/people/Joker-DeadeYe/
" 我只知道我们都笑疯了。之前听说是喜剧，但没想到会这么乐。影帝影后的狂欢。

        ",2012-01-13 11:40:51,看过,力荐,1,momo,https://www.douban.com/people/48640736/
" 好高端啊，只记得刘青云手里的两条大腿
        ",2012-04-13 20:28:21,看过,还行,0,丫 妈 呆,https://www.douban.com/people/4243064/
" 一顿乱来，太雷了，都不知道这豆瓣的7.9评分是怎么来的。
        ",2012-01-13 13:08:58,看过,较差,3,飞豆哥,https://www.douban.com/people/RivenZhong/
" 第一次电影院睡着。。。。。
        ",2012-01-13 19:35:02,看过,较差,2,冻冻kirakira,https://www.douban.com/people/33774966/
" 以为失望，原来惊喜。
                
                ",2012-01-12 22:40:12,看过,还行,1,阿士匹灵,https://www.douban.com/people/Aspirin129/
" 啊~~雅蠛蝶雅蠛蝶~~
        ",2012-03-31 10:12:48,看过,较差,1,YUKARI,https://www.douban.com/people/yukarijiang/
" 两颗星是因为梁朝伟又搞笑了，和我的确被闫妮搞笑了
                
                ",2012-01-12 19:15:48,看过,较差,1,timeriver,https://www.douban.com/people/timeriver/
" 情节不错，笑点不少，比最近很多港片都强。
        ",2012-06-17 15:18:45,看过,推荐,0,风魂,https://www.douban.com/people/47474599/
" 去你妈的大烂片！笑点还能更少吗，梁朝伟的角色还能更装逼吗，情节还能更混乱断点吗，唯二让我笑的也就是周迅提问和湘玉的牙买跌了，其他都tmd各种出戏挨雷受不了啊槽
        ",2012-01-17 22:43:17,看过,很差,1,白月光,https://www.douban.com/people/IcedCoke/
" 尔冬升说教狂，从导演处女作《癫佬正传》开始说教，连拍三级片《色情男女》都要说教，以至《早熟》、《门徒》、《新宿事件》……今天依然本色不改。尔导您该改行当教师的。
        ",2012-01-17 15:28:00,看过,还行,0,Hushnore,https://www.douban.com/people/chick_rock/
" A piece of shit...
众多明星的露脸更看出他们对钱的关注远多过对观众感受的关注。。。
        ",2012-01-13 15:14:47,看过,很差,2,macho,https://www.douban.com/people/wumaomao/
" 要是一个人看，我肯定睡完，或者。。。退场
        ",2012-01-16 19:20:29,看过,很差,1,ZEricy,https://www.douban.com/people/EricZy/
" 众星云集搞笑片
        ",2012-10-05 17:19:39,看过,还行,0,如你娑见,https://www.douban.com/people/ruby199204/
" 原来是贺岁片啊，在影院都坐不住了，真的不爱看这种片子
        ",2012-01-16 19:46:12,看过,较差,1,小p,https://www.douban.com/people/6863418/
" 垃圾
        ",2012-10-30 13:51:00,看过,很差,0,叶湛,https://www.douban.com/people/AnnaZhan/
" 神马玩意儿....
        ",2012-01-13 22:07:43,看过,较差,2,LLL,https://www.douban.com/people/littleyanlier/
" 什么狗屁鸡巴电影！！！
        ",2012-06-17 10:52:21,看过,很差,0,[已注销],https://www.douban.com/people/aDoldrums/
" 梁朝伟你太坑爹了
        ",2012-01-13 23:02:26,看过,较差,2,cooper,https://www.douban.com/people/cooper1989/
" 去年贺岁档是葛优电影节，所以，今年是周迅？
        ",2011-12-15 08:27:31,想看,无评分,0,柏の霖,https://www.douban.com/people/26218558/
" 文艺青年和2B青年的爱情暗战~哈哈

        ",2012-01-13 00:59:42,想看,无评分,0,小宇,https://www.douban.com/people/51806546/
" 梁朝伟
        ",2012-01-29 16:26:06,想看,无评分,0,疏影,https://www.douban.com/people/4097848/
" 周迅周迅
        ",2012-01-12 13:19:22,想看,无评分,0,苏苏,https://www.douban.com/people/57570615/
" 演技派高手出演，想看看
        ",2012-01-21 23:54:00,想看,无评分,0,墨叶轻舞,https://www.douban.com/people/45987978/
" 刘青云的军阀造型很好
        ",2011-08-19 22:15:30,想看,无评分,0,克来因蓝,https://www.douban.com/people/klein_blue/
" 如果有空的话～
        ",2012-01-17 12:38:23,想看,无评分,0,天成,https://www.douban.com/people/49123021/
" 剧情和之前的电影魔术师雷同，只能看明星了。
        ",2012-01-12 20:35:35,想看,无评分,0,雪霁,https://www.douban.com/people/3977161/
" 周迅 刘青云 梁朝伟
        ",2011-07-27 08:34:34,想看,无评分,0,二流,https://www.douban.com/people/fp294/
" 雖然傳說與老諾大叔的《魔術師》有異曲同工之處，但是還是很期待，因為兩位主演都是我喜歡的大叔。十足大叔控哇(PД`q。)·。'゜ 
        ",2011-12-20 22:25:19,想看,无评分,0,水是吻醒的冰,https://www.douban.com/people/32332884/
" 梁朝伟+刘青云+周迅
        ",2012-01-12 14:54:59,想看,无评分,0,慕慕,https://www.douban.com/people/1298082/
" 本来说好了一起看了，由于某人的缺席一直没看成，也不知什么时候能看呢，感觉会蛮好看的哇
        ",2012-01-19 12:43:53,想看,无评分,0,金小宇,https://www.douban.com/people/44622209/
" 春节档吧！
                
                ",2011-11-14 17:22:53,想看,无评分,0,石上宅,https://www.douban.com/people/4642996/
" 近期的大片，这个还比较有兴趣
        ",2011-12-14 14:11:09,想看,无评分,0,Jessie,https://www.douban.com/people/26622714/
" 评分还不错
        ",2012-01-13 13:20:31,想看,无评分,0,EdgeHill太死磕,https://www.douban.com/people/fengshi/
" 无奈无赖也因为我们还有爱 如果没有爱消失就不回来
        ",2012-02-04 21:11:21,想看,无评分,0,Winona,https://www.douban.com/people/12233357/
" 虽然只了解了一些故事简介，并有几句骂语，但我会去看的。自己的文化都不支持，谁去传承？
        ",2012-01-14 21:37:19,想看,无评分,0,食有青年-J君,https://www.douban.com/people/jimmystarman/
" 就是觉得这个电影会很好看。
        ",2012-01-08 16:22:50,想看,无评分,0,hc,https://www.douban.com/people/hclove09/
" 好久没去电影院看梁朝伟了。
        ",2012-01-14 08:27:03,想看,无评分,0,J_Schecter,https://www.douban.com/people/mick3/
" 卡司很美好！！！
        ",2011-09-14 23:00:01,想看,无评分,0,土啊土啊土,https://www.douban.com/people/feleen/
" 很适合过年看，欢乐的一比。
        ",2012-01-25 12:05:23,看过,推荐,0,兽兽·美术吗？,https://www.douban.com/people/ljshoushou/
" 过年才应该看这种片，好笑有剧情，不脑残。Ps.梁朝伟真的老了.....Ps2.刘青云演的真好！
        ",2012-01-13 11:41:38,看过,力荐,1,Fall,https://www.douban.com/people/9208911/
" 作为一部喜剧片，这是目前最好，而魔术方面，确实没多少让人大开眼界的地方……剧情逻辑上有若干点，不清，后面的过渡，很无厘头……周迅那个老梗，竟然我还会笑。。。有人说它能PK让子弹飞，我觉得简直没法比……
        ",2012-01-14 21:50:10,看过,还行,0,ZeonGin Sou,https://www.douban.com/people/dkjune/
" 神马玩意
        ",2012-06-17 09:27:05,看过,较差,0,[已注销],https://www.douban.com/people/60171705/
" 这破电影7.3?
        ",2012-01-18 23:46:39,看过,很差,2,田豆豆,https://www.douban.com/people/annietianweilin/
" 什么鸟片子
        ",2012-01-21 00:19:18,看过,较差,1,李胶囊,https://www.douban.com/people/capsula/
" 连一般都算不上啊，看在小梁滴小眼神的份上算啦
        ",2012-01-13 19:39:24,看过,较差,2,君儿,https://www.douban.com/people/44629551/
" 刘青云真是大萌神啊！
        ",2012-01-21 15:49:44,看过,推荐,0,蚂蚁没问题,https://www.douban.com/people/rachel-rachel/
" 额 无厘头片 没意思
        ",2012-01-13 09:17:25,看过,较差,3,墨舞,https://www.douban.com/people/m.o.fly/
" 浪费了这么好的几个演员
        ",2012-06-17 01:01:58,看过,还行,0,Purpleblue,https://www.douban.com/people/purpleblue/
" 桔子、桃子、杏子、瓜子，桌子、椅子、坛子，他们全都来了！
        ",2012-07-21 12:53:28,看过,推荐,0,真理与和谐,https://www.douban.com/people/OpenSpaces/
" 支持梁朝伟来的~~~~~~~~！
        ",2012-01-02 18:32:31,看过,力荐,8,zimari,https://www.douban.com/people/1812774/
" 为什么笑的人那么多，我就是不笑呢？
        ",2012-01-13 20:19:10,看过,较差,2,幻莘魔瞳,https://www.douban.com/people/4529153/
" 乱七八糟的... 笑点很低!!很冷!!很没有创意!!!  周迅真难看。
        ",2012-01-13 20:05:41,看过,较差,2,我要叫什么,https://www.douban.com/people/49520369/
" 剧情，喜剧，动作，爱情，奇幻，以上是豆瓣上给这部电影分的类，好吧，这么多种类型在同一部128分钟的电影中跳跃，对于我来说接受起来不是那么容易。
没有什么笑点的搞笑对白，没有精彩的打斗动作，不富想象力的奇幻，没有情感的爱情桥段，没有起伏的故事。
整部电影看下来，仅觉得吴刚的演技真是不错
        ",2012-01-15 01:20:02,看过,很差,1,I_am,https://www.douban.com/people/I_am/
" 避寒是进电影院唯一的理由了
        ",2012-01-13 00:22:17,看过,很差,2,小鸟不白,https://www.douban.com/people/xiaoniaobubai/
" 仿《讓子彈飛》不到位，時而無厘頭時而一本正經，後半段亂七八糟。雖然致敬了一把電影，但還是一鍋亂粥，不成體系。PS.徐克這醬油打的。。
        ",2012-01-13 19:19:03,看过,还行,1,又又,https://www.douban.com/people/wxs723/
" 这种久违了的没心没肺的胡打胡闹的无需逻辑的却又不挑战观众智商低线的港产喜剧片终于回来了；天桥儿数来宝一段看的真叫人一个乐呵，尔冬升在剧本里和台词里各种戏谑与吐槽，这种东西才是他应该做的嘛！梁朝伟还是走不出深沉的躯壳，但我终究还是看到了点《亚飞与亚基》《东成西就》里他不要脸的影子
        ",2012-01-14 23:37:02,看过,推荐,4,托尼·王大拿,https://www.douban.com/people/Zizou_Vam/
" 豆瓣真的该改进一下了，反方向来五颗黑星吧，我会让它爆棚！
        ",2012-01-13 22:41:24,看过,很差,2,海上暮云,https://www.douban.com/people/23543207/
" 属纯娱乐，但却不是那么喜感
        ",2012-01-30 13:17:06,看过,还行,0,麦子,https://www.douban.com/people/btone0808/
" 拍了好久的，期待~
        ",2012-01-03 15:35:01,想看,无评分,0,仙媚儿,https://www.douban.com/people/2133317/
" 矮油～～ms不错诶
        ",2012-01-12 16:22:18,想看,无评分,0,鱼果儿,https://www.douban.com/people/2712218/
" 在西门町肯德基的时候一直看着对面的大屏幕预告，看了足足两小时..
        ",2012-01-27 17:10:40,想看,无评分,0,乱跑的饼子,https://www.douban.com/people/bing8963/
" 冲着梁朝伟
        ",2012-01-29 22:04:17,想看,无评分,0,爱就一个字,https://www.douban.com/people/49614281/
" 这阵容 有兴趣。。。
        ",2012-01-17 20:43:35,想看,无评分,0,忆娆,https://www.douban.com/people/yirao/
" 貌似阵容不错！又是尔冬升的~ mark
        ",2012-01-16 21:00:49,想看,无评分,0,蛋蛋没有朵朵,https://www.douban.com/people/41540029/
" 看了第十放映室，被最后那点对话吸引了，应该是一个不错的周末放松电影，存看。
        ",2013-01-12 20:00:33,想看,无评分,0,湘琪童鞋,https://www.douban.com/people/corn1990/
" 最近一直很迷恋梁朝伟，世界上最幸福的男人啊，因为什么巩俐 汤唯 张曼玉 王菲 章子怡 董洁 舒淇……！~  不解释 你们懂得~~想看~~
        ",2012-02-25 19:06:15,想看,无评分,0,Generation,https://www.douban.com/people/4602593/
" 据说是抄诺顿的the illusionist，不知真假，冲着cast的份上也要看对吧
        ",2012-02-06 07:56:27,想看,无评分,0,悦诗风吟,https://www.douban.com/people/58283364/
" 现在是我最期待的一部电影了。
        ",2011-09-26 06:34:34,想看,无评分,0,德善啊,https://www.douban.com/people/sj881122/
" 因为周迅 跟梁朝伟 我才要看这部片！
        ",2012-01-19 23:19:21,想看,无评分,0,[已注销],https://www.douban.com/people/39438715/
" 从不follow梁朝伟的我刚看完色戒，他的新片又来拉！
        ",2012-01-13 20:13:39,想看,无评分,0,这是一位好姑娘,https://www.douban.com/people/ladyheyu/
" 看过小说了，对电影还是很期待。
        ",2012-01-11 15:46:02,想看,无评分,0,笑着沉默,https://www.douban.com/people/enoylno/
" 我想看这个呀呀呀
        ",2012-02-05 09:24:09,想看,无评分,0,稻小和,https://www.douban.com/people/4600739/
" 听了猜情人来的。
        ",2011-12-03 16:46:33,想看,无评分,0,Cristina,https://www.douban.com/people/56263162/
" 迅哥又演电影了
        ",2012-01-16 02:23:45,想看,无评分,0,行走的佐伊,https://www.douban.com/people/zoe0818/
" 主要想看梁朝伟和刘青云吧。。。
        ",2012-01-27 01:00:53,想看,无评分,0,sanpig,https://www.douban.com/people/sanpig/
" 今年一部贺岁片都没看过呢。
        ",2012-02-08 05:57:53,想看,无评分,0,不然,https://www.douban.com/people/deadlynn/
" 看吴彦祖!!!:))
                
                ",2012-01-15 02:33:56,想看,无评分,0,Grac!e,https://www.douban.com/people/grwxgrace/
" 好像一般，看看吧
        ",2012-04-22 22:14:42,想看,无评分,0,Serendipity★*,https://www.douban.com/people/48275868/
" 好不错，挺好看，本片和《让子弹飞》可以比较，但是姜文的让子弹飞有更多的隐喻可以去分析和推敲，但是本片只有两个，所以分析也简单，但是可以让大多数人笑一下~
        ",2012-06-17 02:36:37,看过,推荐,0,月聖梵,https://www.douban.com/people/62354245/
" 尔哥晚节不保
        ",2012-01-13 18:56:19,看过,较差,2,猫科动物,https://www.douban.com/people/hsjl0311/
" 结局很让人意外。也算是蛮多影星参演的一部电影，1月12号刚上映这天和建通在左岸电影院看的。剧本里面应该有好几句很不错的台词。关于梦想，关于信念。有些事情，你看到的不一定是真的。风，你看不到，但是你不可以否认它的存在。
        ",2012-01-13 11:46:00,看过,力荐,1,窗边的小豆豆,https://www.douban.com/people/MITyuewen/
" 大牛哥是好男人！梁朝伟是墨迹男！至于周迅，蛋疼脸加暧昧眼，完全没有存在感！
        ",2012-01-28 11:02:46,看过,推荐,0,扭腰客,https://www.douban.com/people/mlsslm777/
" 吴彦祖和方中信缘何沦落至此？
        ",2012-01-15 12:34:57,看过,较差,4,冉笛,https://www.douban.com/people/randidianying/
" 一开始以为是什么悬疑剧呢，没想到居然是一部这么搞笑的喜剧，一路诙谐到底，很有意思的片子，老男人不论演技还是外貌都一个字帅~嘿嘿
        ",2012-09-03 15:33:56,看过,推荐,0,michelteng,https://www.douban.com/people/59853946/
" 飞机上看的，最开始有点跟不上，总觉得魔术和民国初期（？）不搭，后半就轻松顺畅多了，主角都讨喜，两位男主的对手戏很萌
        ",2012-09-04 02:25:01,看过,推荐,0,莱茵茵,https://www.douban.com/people/raiyinjiang/
" 继上次东成西就2011之后的又一催眠神作。是不是有一些人群组合在一起去看注定会看到这种片子捏。
        ",2012-01-15 01:39:08,看过,较差,1,静静晒太阳,https://www.douban.com/people/2356561/
" 谁能告诉我这货到底是个什么东东？！喜剧片？笑点在哪？！爱情片？我只看到梁朝伟满脸的褶子和周迅粗糙的皮肤！科幻片？唉，全世界都笑了……唯一值得欣慰的是，我用的是赠票……ps:鉴于对此片评分虚高的不满，特调低一星！
                
                ",2012-01-13 15:50:32,看过,很差,2,特立独行的猪,https://www.douban.com/people/amyxin/
" 前5分钟还能hold住，之后完全无厘头。我想尔导太寂寥了，抑或太想重出江湖，搞了这么一部混搭的大杂烩。虽然有影帝影后撑场，但浅薄和凌乱却是不争的事实。好在还有几个魔术场面让人略感安慰，不然真是白瞎了这两个小时。
        ",2012-01-14 11:53:12,看过,较差,1,南溟,https://www.douban.com/people/partybird/
" 年度最愉悦观影经历。一秒钟都没冷场。爱每个角色。哇咔咔。
        ",2012-01-16 21:41:08,看过,力荐,0,Cadenza,https://www.douban.com/people/hanxiaonuan/
" 如果你们硬要说这是一部给人惊喜的喜剧，那我真的无话可说。
        ",2012-01-18 20:47:30,看过,很差,2,晨曦,https://www.douban.com/people/ellenchenxi/
" 真有点像抄的
        ",2012-01-18 00:02:30,看过,很差,1,大久保,https://www.douban.com/people/2390752/
" 梁朝伟好老，周迅不美，闫妮里面看着很别扭，虽然有些对白有点让子弹飞的感觉，但真的很戆啊，此类电影不适合我们。。。有不少笑点，戆的很好笑，越看越累，我们四只看完电影除了“哪能噶戆”之外没有别的话了
        ",2012-01-13 18:57:46,看过,较差,2,Hui_C,https://www.douban.com/people/4272637/
" 刘青云说 桃子杏子瓜子 你们来啦 桌子 坛子你们也来啦 的时候我就笑喷了。。。。笑点会不会太奇怪啊
        ",2012-01-12 22:10:47,看过,推荐,1,撞南墙不死星人,https://www.douban.com/people/hi-orz/
" 嫁人當嫁雷大牛！！！我仿佛看到了東成西就里的香腸嘴梁朝偉............兩位男主長得都好像鬥牛犬............
        ",2012-01-20 00:29:37,看过,推荐,1,夏又肥,https://www.douban.com/people/hall1c/
" 什么破JB玩儿 
        ",2012-01-14 20:27:41,看过,很差,1,tian ,https://www.douban.com/people/34269865/
" 大烂片！！！！
                
                ",2012-01-13 08:45:54,看过,很差,2,Joann Ai,https://www.douban.com/people/JoannAi/
" 1、周迅这扮相真是差啊2、朝伟哥哥你这辈子都脱离不了欧阳锋了3、这尼玛还真是喜剧片。。。4、总的来说，我是有点想给四颗星的。。。
        ",2012-11-04 16:33:25,看过,还行,0,柯奇卡,https://www.douban.com/people/1828898/
" 除了某几个场景博人一笑外 这部片子没给我留下些什么
        ",2012-01-13 11:38:02,看过,较差,2,浮生小隐,https://www.douban.com/people/3210024/
" 为了梁朝伟也要看哈
        ",2012-01-23 09:33:16,想看,无评分,0,renee,https://www.douban.com/people/flarehime/
" 微妙的组合
        ",2011-12-06 23:36:55,想看,无评分,0,Munchausen,https://www.douban.com/people/Munchausen/
" 是说梁朝伟开始贺岁了么
        ",2012-01-21 15:04:53,想看,无评分,0,胖虎,https://www.douban.com/people/D-Fan/
" 王X推荐之
        ",2012-03-05 23:16:14,想看,无评分,0,Nothing,https://www.douban.com/people/44603214/
" 小人物战胜敌军的故事么？

        ",2012-01-12 13:49:54,想看,无评分,0,鱼p,https://www.douban.com/people/44052442/
" 为了梁朝伟(忧郁
        ",2012-01-13 21:38:38,想看,无评分,0,泡芙,https://www.douban.com/people/floratya/
" 一起看吧~
        ",2012-01-13 00:18:01,想看,无评分,0,独.蝎子,https://www.douban.com/people/3527424/
" mm不能忘
        ",2012-08-03 20:08:54,想看,无评分,0,荔,https://www.douban.com/people/46342507/
" 没放假时候一直计划着跟那谁谁把这个看了，结果又吵架又考试又着急回家的就没看成，不开心
        ",2012-01-31 20:05:31,想看,无评分,0,[已注销],https://www.douban.com/people/gongzhubing/
" 一点点想看
        ",2011-11-14 09:23:41,想看,无评分,0,妩宁,https://www.douban.com/people/2725034/
" 准备拖爹妈一起去看~~
        ",2012-01-15 21:47:42,想看,无评分,0,不想说话,https://www.douban.com/people/33929163/
" 看了十几分钟就关了..看了影评决定还是硬着头皮看下去吧..
        ",2012-01-13 11:34:42,想看,无评分,0,南希。,https://www.douban.com/people/40705289/
" 7.9这么尴尬，还是去电影院看看吧。
        ",2012-01-12 20:21:11,想看,无评分,0,棉花糖给你,https://www.douban.com/people/40055266/
" 都快下映了和谁去看呢？
        ",2012-01-21 10:53:27,想看,无评分,0,八字纯阳sofi,https://www.douban.com/people/sofi_R/
" 本是作为假期的礼物的，看不到了。
        ",2012-01-12 14:31:04,想看,无评分,0,四喜┋ 原来名字可以这么长,https://www.douban.com/people/R.1.miAn/
" 12年的期待
        ",2011-12-09 21:05:58,想看,无评分,0,lulu,https://www.douban.com/people/49020397/
" “周公子”和“梁太太”
        ",2012-01-06 05:49:05,想看,无评分,0,pie,https://www.douban.com/people/piepie/
" 哈哈，不知道为什么，我就是想看那些轻松搞笑的。什么 碟中谍，福尔摩斯就是不想去看。我就是没心没肺啊
        ",2012-02-02 17:04:25,想看,无评分,0,听 说,https://www.douban.com/people/58145479/
" 想看这电影！
        ",2012-01-12 22:47:51,想看,无评分,0,暴暴,https://www.douban.com/people/50250258/
" 看上去不错啊。
        ",2012-01-21 07:15:51,想看,无评分,0,TeaTree,https://www.douban.com/people/treeteatree/
" 此仇不报非美女...
        ",2012-01-19 17:22:35,看过,还行,0,大宸,https://www.douban.com/people/bladerunner2/
